CREATE DATABASE  IF NOT EXISTS `projectschool` /*!40100 DEFAULT CHARACTER SET utf8mb4 COLLATE utf8mb4_0900_ai_ci */ /*!80016 DEFAULT ENCRYPTION='N' */;
USE `projectschool`;
-- MySQL dump 10.13  Distrib 8.0.34, for Win64 (x86_64)
--
-- Host: 127.0.0.1    Database: projectschool
-- ------------------------------------------------------
-- Server version	8.1.0

/*!40101 SET @OLD_CHARACTER_SET_CLIENT=@@CHARACTER_SET_CLIENT */;
/*!40101 SET @OLD_CHARACTER_SET_RESULTS=@@CHARACTER_SET_RESULTS */;
/*!40101 SET @OLD_COLLATION_CONNECTION=@@COLLATION_CONNECTION */;
/*!50503 SET NAMES utf8 */;
/*!40103 SET @OLD_TIME_ZONE=@@TIME_ZONE */;
/*!40103 SET TIME_ZONE='+00:00' */;
/*!40014 SET @OLD_UNIQUE_CHECKS=@@UNIQUE_CHECKS, UNIQUE_CHECKS=0 */;
/*!40014 SET @OLD_FOREIGN_KEY_CHECKS=@@FOREIGN_KEY_CHECKS, FOREIGN_KEY_CHECKS=0 */;
/*!40101 SET @OLD_SQL_MODE=@@SQL_MODE, SQL_MODE='NO_AUTO_VALUE_ON_ZERO' */;
/*!40111 SET @OLD_SQL_NOTES=@@SQL_NOTES, SQL_NOTES=0 */;

--
-- Table structure for table `class`
--

DROP TABLE IF EXISTS `class`;
/*!40101 SET @saved_cs_client     = @@character_set_client */;
/*!50503 SET character_set_client = utf8mb4 */;
CREATE TABLE `class` (
  `ClassID` int NOT NULL AUTO_INCREMENT,
  `ClassName` varchar(45) NOT NULL,
  `TeacherID` int NOT NULL,
  `SubjectID` int NOT NULL,
  PRIMARY KEY (`ClassID`),
  UNIQUE KEY `ClassID_UNIQUE` (`ClassID`),
  KEY `fk_class_teacher1_idx1` (`TeacherID`),
  KEY `fk_class_subject1_idx` (`SubjectID`),
  CONSTRAINT `fk_class_subject1` FOREIGN KEY (`SubjectID`) REFERENCES `subject` (`SubjectID`),
  CONSTRAINT `fk_class_teacher1` FOREIGN KEY (`TeacherID`) REFERENCES `teacher` (`TeacherID`)
) ENGINE=InnoDB AUTO_INCREMENT=51 DEFAULT CHARSET=utf8mb4 COLLATE=utf8mb4_0900_ai_ci;
/*!40101 SET character_set_client = @saved_cs_client */;

--
-- Dumping data for table `class`
--

LOCK TABLES `class` WRITE;
/*!40000 ALTER TABLE `class` DISABLE KEYS */;
INSERT INTO `class` VALUES (1,'370',37,23),(2,'350',1,16),(3,'493',2,20),(4,'493',23,1),(5,'490',1,23),(6,'103',1,1),(7,'205',15,8),(8,'493',10,4),(9,'102',4,46),(10,'131',24,50),(11,'490',36,1),(12,'102',27,30),(13,'101',50,29),(14,'101',28,30),(15,'102',18,37),(16,'201',26,11),(17,'370',37,49),(18,'370',8,3),(19,'201',22,10),(20,'102',3,6),(21,'102',26,31),(22,'205',47,33),(23,'205',21,43),(24,'493',25,34),(25,'205',5,23),(26,'101',32,8),(27,'490',19,37),(28,'101',2,47),(29,'131',28,9),(30,'201',40,30),(31,'205',49,42),(32,'350',30,43),(33,'350',29,19),(34,'350',36,23),(35,'131',4,16),(36,'205',33,30),(37,'493',11,16),(38,'101',10,19),(39,'493',5,44),(40,'205',46,13),(41,'131',21,36),(42,'131',50,19),(43,'131',13,27),(44,'102',35,15),(45,'370',13,20),(46,'131',46,20),(47,'490',40,35),(48,'103',18,11),(49,'131',3,11),(50,'101',22,41);
/*!40000 ALTER TABLE `class` ENABLE KEYS */;
UNLOCK TABLES;

--
-- Table structure for table `exam`
--

DROP TABLE IF EXISTS `exam`;
/*!40101 SET @saved_cs_client     = @@character_set_client */;
/*!50503 SET character_set_client = utf8mb4 */;
CREATE TABLE `exam` (
  `ExamID` int NOT NULL AUTO_INCREMENT,
  `ExamName` varchar(45) NOT NULL,
  `ClassID` int NOT NULL,
  `ExamType` int NOT NULL,
  PRIMARY KEY (`ExamID`,`ExamType`),
  UNIQUE KEY `MarkID_UNIQUE` (`ExamID`),
  KEY `fk_exam_class1_idx` (`ClassID`),
  KEY `fk_exam_examtype1_idx` (`ExamType`),
  CONSTRAINT `fk_exam_class1` FOREIGN KEY (`ClassID`) REFERENCES `class` (`ClassID`),
  CONSTRAINT `fk_exam_examtype1` FOREIGN KEY (`ExamType`) REFERENCES `examtype` (`ExamType`)
) ENGINE=InnoDB AUTO_INCREMENT=81 DEFAULT CHARSET=utf8mb4 COLLATE=utf8mb4_0900_ai_ci;
/*!40101 SET character_set_client = @saved_cs_client */;

--
-- Dumping data for table `exam`
--

LOCK TABLES `exam` WRITE;
/*!40000 ALTER TABLE `exam` DISABLE KEYS */;
INSERT INTO `exam` VALUES (1,'midterm',1,3),(2,'final',15,3),(3,'midterm',23,1),(4,'starter',16,2),(5,'starter',16,3),(6,'starter',46,3),(7,'starter',33,1),(8,'final',6,3),(9,'final',38,2),(10,'final',43,3),(11,'final',8,2),(12,'starter',20,3),(13,'final',11,1),(14,'starter',45,1),(15,'midterm',15,1),(16,'starter',16,2),(17,'final',24,3),(18,'starter',23,1),(19,'final',38,3),(20,'starter',15,1),(21,'starter',10,1),(22,'starter',19,3),(23,'final',48,3),(24,'starter',17,3),(25,'starter',22,2),(26,'starter',45,1),(27,'starter',23,1),(28,'starter',44,1),(29,'final',30,2),(30,'midterm',20,1),(31,'starter',39,1),(32,'starter',21,3),(33,'starter',38,2),(34,'final',1,2),(35,'midterm',25,1),(36,'final',11,1),(37,'starter',47,3),(38,'midterm',37,1),(39,'final',34,1),(40,'final',40,1),(41,'starter',4,1),(42,'midterm',33,1),(43,'final',41,2),(44,'starter',27,3),(45,'final',6,2),(46,'final',48,3),(47,'starter',38,3),(48,'starter',32,3),(49,'midterm',31,1),(50,'starter',6,2),(51,'midterm',46,1),(52,'midterm',2,1),(53,'final',33,1),(54,'midterm',48,3),(55,'final',30,1),(56,'starter',35,2),(57,'final',13,2),(58,'final',46,1),(59,'midterm',38,1),(60,'starter',21,3),(61,'starter',43,3),(62,'final',44,2),(63,'final',10,1),(64,'final',38,2),(65,'final',21,2),(66,'final',43,1),(67,'midterm',43,3),(68,'final',1,1),(69,'midterm',5,2),(70,'final',43,1),(71,'midterm',48,2),(72,'starter',25,1),(73,'midterm',38,1),(74,'final',22,1),(75,'starter',45,3),(76,'midterm',7,2),(77,'starter',23,1),(78,'final',3,2),(79,'starter',24,2),(80,'starter',14,1);
/*!40000 ALTER TABLE `exam` ENABLE KEYS */;
UNLOCK TABLES;

--
-- Table structure for table `examtype`
--

DROP TABLE IF EXISTS `examtype`;
/*!40101 SET @saved_cs_client     = @@character_set_client */;
/*!50503 SET character_set_client = utf8mb4 */;
CREATE TABLE `examtype` (
  `ExamType` int NOT NULL AUTO_INCREMENT,
  `TypeName` varchar(45) NOT NULL,
  PRIMARY KEY (`ExamType`),
  UNIQUE KEY `ExamType_UNIQUE` (`ExamType`)
) ENGINE=InnoDB AUTO_INCREMENT=5 DEFAULT CHARSET=utf8mb4 COLLATE=utf8mb4_0900_ai_ci;
/*!40101 SET character_set_client = @saved_cs_client */;

--
-- Dumping data for table `examtype`
--

LOCK TABLES `examtype` WRITE;
/*!40000 ALTER TABLE `examtype` DISABLE KEYS */;
INSERT INTO `examtype` VALUES (1,'MultipleChoice'),(2,'Oral'),(3,'Reading'),(4,'Essay');
/*!40000 ALTER TABLE `examtype` ENABLE KEYS */;
UNLOCK TABLES;

--
-- Table structure for table `gradeletter`
--

DROP TABLE IF EXISTS `gradeletter`;
/*!40101 SET @saved_cs_client     = @@character_set_client */;
/*!50503 SET character_set_client = utf8mb4 */;
CREATE TABLE `gradeletter` (
  `GradeID` int NOT NULL AUTO_INCREMENT,
  `GradeLetter` varchar(1) NOT NULL,
  `Pass/Fail` varchar(4) NOT NULL,
  PRIMARY KEY (`GradeID`),
  UNIQUE KEY `GradeID_UNIQUE` (`GradeID`)
) ENGINE=InnoDB AUTO_INCREMENT=2001 DEFAULT CHARSET=utf8mb4 COLLATE=utf8mb4_0900_ai_ci;
/*!40101 SET character_set_client = @saved_cs_client */;

--
-- Dumping data for table `gradeletter`
--

LOCK TABLES `gradeletter` WRITE;
/*!40000 ALTER TABLE `gradeletter` DISABLE KEYS */;
INSERT INTO `gradeletter` VALUES (1,'A','Pass'),(2,'C','Pass'),(3,'B','Pass'),(4,'C','Pass'),(5,'B','Pass'),(6,'A','Pass'),(7,'D','Fail'),(8,'B','Pass'),(9,'B','Pass'),(10,'A','Pass'),(11,'D','Fail'),(12,'D','Fail'),(13,'B','Pass'),(14,'A','Pass'),(15,'D','Fail'),(16,'D','Fail'),(17,'A','Pass'),(18,'F','Fail'),(19,'C','Pass'),(20,'C','Pass'),(21,'C','Pass'),(22,'A','Pass'),(23,'A','Pass'),(24,'D','Fail'),(25,'A','Pass'),(26,'A','Pass'),(27,'A','Pass'),(28,'A','Pass'),(29,'A','Pass'),(30,'C','Pass'),(31,'D','Fail'),(32,'B','Pass'),(33,'C','Pass'),(34,'F','Fail'),(35,'D','Fail'),(36,'F','Fail'),(37,'F','Fail'),(38,'C','Pass'),(39,'F','Fail'),(40,'D','Fail'),(41,'D','Fail'),(42,'D','Fail'),(43,'A','Pass'),(44,'A','Pass'),(45,'D','Fail'),(46,'F','Fail'),(47,'D','Fail'),(48,'F','Fail'),(49,'B','Pass'),(50,'C','Pass'),(51,'B','Pass'),(52,'B','Pass'),(53,'D','Fail'),(54,'C','Pass'),(55,'F','Fail'),(56,'F','Fail'),(57,'F','Fail'),(58,'D','Fail'),(59,'F','Fail'),(60,'A','Pass'),(61,'A','Pass'),(62,'A','Pass'),(63,'B','Pass'),(64,'D','Fail'),(65,'C','Pass'),(66,'D','Fail'),(67,'B','Pass'),(68,'D','Fail'),(69,'C','Pass'),(70,'C','Pass'),(71,'F','Fail'),(72,'C','Pass'),(73,'B','Pass'),(74,'F','Fail'),(75,'A','Pass'),(76,'D','Fail'),(77,'B','Pass'),(78,'D','Fail'),(79,'C','Pass'),(80,'C','Pass'),(81,'A','Pass'),(82,'A','Pass'),(83,'B','Pass'),(84,'A','Pass'),(85,'D','Fail'),(86,'D','Fail'),(87,'A','Pass'),(88,'C','Pass'),(89,'A','Pass'),(90,'B','Pass'),(91,'C','Pass'),(92,'D','Fail'),(93,'A','Pass'),(94,'C','Pass'),(95,'A','Pass'),(96,'F','Fail'),(97,'C','Pass'),(98,'B','Pass'),(99,'A','Pass'),(100,'A','Pass'),(101,'A','Pass'),(102,'B','Pass'),(103,'B','Pass'),(104,'C','Pass'),(105,'D','Fail'),(106,'F','Fail'),(107,'C','Pass'),(108,'C','Pass'),(109,'D','Fail'),(110,'A','Pass'),(111,'A','Pass'),(112,'A','Pass'),(113,'A','Pass'),(114,'F','Fail'),(115,'C','Pass'),(116,'F','Fail'),(117,'A','Pass'),(118,'D','Fail'),(119,'B','Pass'),(120,'B','Pass'),(121,'D','Fail'),(122,'D','Fail'),(123,'A','Pass'),(124,'B','Pass'),(125,'A','Pass'),(126,'A','Pass'),(127,'C','Pass'),(128,'C','Pass'),(129,'F','Fail'),(130,'D','Fail'),(131,'F','Fail'),(132,'D','Fail'),(133,'C','Pass'),(134,'A','Pass'),(135,'C','Pass'),(136,'C','Pass'),(137,'D','Fail'),(138,'B','Pass'),(139,'F','Fail'),(140,'B','Pass'),(141,'C','Pass'),(142,'A','Pass'),(143,'D','Fail'),(144,'C','Pass'),(145,'B','Pass'),(146,'A','Pass'),(147,'D','Fail'),(148,'D','Fail'),(149,'A','Pass'),(150,'F','Fail'),(151,'A','Pass'),(152,'F','Fail'),(153,'A','Pass'),(154,'B','Pass'),(155,'A','Pass'),(156,'C','Pass'),(157,'C','Pass'),(158,'A','Pass'),(159,'A','Pass'),(160,'C','Pass'),(161,'A','Pass'),(162,'A','Pass'),(163,'F','Fail'),(164,'A','Pass'),(165,'A','Pass'),(166,'D','Fail'),(167,'C','Pass'),(168,'D','Fail'),(169,'F','Fail'),(170,'B','Pass'),(171,'A','Pass'),(172,'C','Pass'),(173,'D','Fail'),(174,'B','Pass'),(175,'C','Pass'),(176,'A','Pass'),(177,'A','Pass'),(178,'A','Pass'),(179,'A','Pass'),(180,'F','Fail'),(181,'B','Pass'),(182,'C','Pass'),(183,'A','Pass'),(184,'C','Pass'),(185,'F','Fail'),(186,'B','Pass'),(187,'F','Fail'),(188,'F','Fail'),(189,'F','Fail'),(190,'A','Pass'),(191,'F','Fail'),(192,'F','Fail'),(193,'A','Pass'),(194,'C','Pass'),(195,'D','Fail'),(196,'D','Fail'),(197,'A','Pass'),(198,'A','Pass'),(199,'B','Pass'),(200,'B','Pass'),(201,'D','Fail'),(202,'C','Pass'),(203,'C','Pass'),(204,'C','Pass'),(205,'A','Pass'),(206,'D','Fail'),(207,'A','Pass'),(208,'D','Fail'),(209,'F','Fail'),(210,'F','Fail'),(211,'C','Pass'),(212,'F','Fail'),(213,'A','Pass'),(214,'C','Pass'),(215,'C','Pass'),(216,'D','Fail'),(217,'F','Fail'),(218,'A','Pass'),(219,'A','Pass'),(220,'C','Pass'),(221,'A','Pass'),(222,'F','Fail'),(223,'B','Pass'),(224,'C','Pass'),(225,'D','Fail'),(226,'F','Fail'),(227,'A','Pass'),(228,'F','Fail'),(229,'D','Fail'),(230,'F','Fail'),(231,'A','Pass'),(232,'B','Pass'),(233,'A','Pass'),(234,'D','Fail'),(235,'D','Fail'),(236,'C','Pass'),(237,'F','Fail'),(238,'A','Pass'),(239,'D','Fail'),(240,'C','Pass'),(241,'A','Pass'),(242,'D','Fail'),(243,'B','Pass'),(244,'F','Fail'),(245,'D','Fail'),(246,'A','Pass'),(247,'A','Pass'),(248,'F','Fail'),(249,'D','Fail'),(250,'F','Fail'),(251,'A','Pass'),(252,'C','Pass'),(253,'A','Pass'),(254,'B','Pass'),(255,'F','Fail'),(256,'D','Fail'),(257,'A','Pass'),(258,'A','Pass'),(259,'F','Fail'),(260,'C','Pass'),(261,'F','Fail'),(262,'D','Fail'),(263,'B','Pass'),(264,'A','Pass'),(265,'F','Fail'),(266,'B','Pass'),(267,'A','Pass'),(268,'C','Pass'),(269,'F','Fail'),(270,'F','Fail'),(271,'D','Fail'),(272,'A','Pass'),(273,'C','Pass'),(274,'D','Fail'),(275,'C','Pass'),(276,'D','Fail'),(277,'A','Pass'),(278,'D','Fail'),(279,'C','Pass'),(280,'A','Pass'),(281,'A','Pass'),(282,'B','Pass'),(283,'A','Pass'),(284,'A','Pass'),(285,'A','Pass'),(286,'D','Fail'),(287,'C','Pass'),(288,'C','Pass'),(289,'D','Fail'),(290,'A','Pass'),(291,'A','Pass'),(292,'A','Pass'),(293,'F','Fail'),(294,'F','Fail'),(295,'F','Fail'),(296,'B','Pass'),(297,'A','Pass'),(298,'F','Fail'),(299,'D','Fail'),(300,'B','Pass'),(301,'C','Pass'),(302,'A','Pass'),(303,'B','Pass'),(304,'C','Pass'),(305,'F','Fail'),(306,'A','Pass'),(307,'F','Fail'),(308,'A','Pass'),(309,'C','Pass'),(310,'D','Fail'),(311,'A','Pass'),(312,'A','Pass'),(313,'B','Pass'),(314,'A','Pass'),(315,'D','Fail'),(316,'F','Fail'),(317,'B','Pass'),(318,'C','Pass'),(319,'C','Pass'),(320,'B','Pass'),(321,'D','Fail'),(322,'A','Pass'),(323,'B','Pass'),(324,'B','Pass'),(325,'A','Pass'),(326,'C','Pass'),(327,'A','Pass'),(328,'C','Pass'),(329,'F','Fail'),(330,'F','Fail'),(331,'C','Pass'),(332,'C','Pass'),(333,'D','Fail'),(334,'D','Fail'),(335,'F','Fail'),(336,'A','Pass'),(337,'C','Pass'),(338,'C','Pass'),(339,'B','Pass'),(340,'D','Fail'),(341,'D','Fail'),(342,'C','Pass'),(343,'F','Fail'),(344,'A','Pass'),(345,'F','Fail'),(346,'B','Pass'),(347,'C','Pass'),(348,'A','Pass'),(349,'D','Fail'),(350,'A','Pass'),(351,'C','Pass'),(352,'D','Fail'),(353,'A','Pass'),(354,'D','Fail'),(355,'C','Pass'),(356,'A','Pass'),(357,'B','Pass'),(358,'C','Pass'),(359,'C','Pass'),(360,'F','Fail'),(361,'A','Pass'),(362,'C','Pass'),(363,'A','Pass'),(364,'B','Pass'),(365,'C','Pass'),(366,'C','Pass'),(367,'C','Pass'),(368,'A','Pass'),(369,'A','Pass'),(370,'C','Pass'),(371,'A','Pass'),(372,'A','Pass'),(373,'C','Pass'),(374,'A','Pass'),(375,'A','Pass'),(376,'F','Fail'),(377,'A','Pass'),(378,'B','Pass'),(379,'A','Pass'),(380,'A','Pass'),(381,'B','Pass'),(382,'D','Fail'),(383,'D','Fail'),(384,'C','Pass'),(385,'A','Pass'),(386,'C','Pass'),(387,'B','Pass'),(388,'B','Pass'),(389,'D','Fail'),(390,'D','Fail'),(391,'F','Fail'),(392,'D','Fail'),(393,'D','Fail'),(394,'A','Pass'),(395,'F','Fail'),(396,'D','Fail'),(397,'F','Fail'),(398,'A','Pass'),(399,'A','Pass'),(400,'A','Pass'),(401,'C','Pass'),(402,'F','Fail'),(403,'A','Pass'),(404,'D','Fail'),(405,'F','Fail'),(406,'C','Pass'),(407,'C','Pass'),(408,'F','Fail'),(409,'B','Pass'),(410,'A','Pass'),(411,'D','Fail'),(412,'B','Pass'),(413,'D','Fail'),(414,'A','Pass'),(415,'A','Pass'),(416,'F','Fail'),(417,'F','Fail'),(418,'A','Pass'),(419,'C','Pass'),(420,'C','Pass'),(421,'F','Fail'),(422,'A','Pass'),(423,'B','Pass'),(424,'C','Pass'),(425,'A','Pass'),(426,'C','Pass'),(427,'A','Pass'),(428,'F','Fail'),(429,'D','Fail'),(430,'C','Pass'),(431,'A','Pass'),(432,'A','Pass'),(433,'A','Pass'),(434,'F','Fail'),(435,'C','Pass'),(436,'A','Pass'),(437,'A','Pass'),(438,'A','Pass'),(439,'D','Fail'),(440,'C','Pass'),(441,'A','Pass'),(442,'C','Pass'),(443,'A','Pass'),(444,'C','Pass'),(445,'A','Pass'),(446,'B','Pass'),(447,'A','Pass'),(448,'D','Fail'),(449,'B','Pass'),(450,'D','Fail'),(451,'D','Fail'),(452,'A','Pass'),(453,'F','Fail'),(454,'D','Fail'),(455,'C','Pass'),(456,'F','Fail'),(457,'C','Pass'),(458,'B','Pass'),(459,'B','Pass'),(460,'B','Pass'),(461,'A','Pass'),(462,'F','Fail'),(463,'F','Fail'),(464,'A','Pass'),(465,'C','Pass'),(466,'F','Fail'),(467,'C','Pass'),(468,'C','Pass'),(469,'C','Pass'),(470,'A','Pass'),(471,'B','Pass'),(472,'D','Fail'),(473,'B','Pass'),(474,'C','Pass'),(475,'A','Pass'),(476,'F','Fail'),(477,'B','Pass'),(478,'F','Fail'),(479,'F','Fail'),(480,'A','Pass'),(481,'B','Pass'),(482,'A','Pass'),(483,'F','Fail'),(484,'D','Fail'),(485,'A','Pass'),(486,'B','Pass'),(487,'A','Pass'),(488,'F','Fail'),(489,'C','Pass'),(490,'A','Pass'),(491,'F','Fail'),(492,'F','Fail'),(493,'F','Fail'),(494,'D','Fail'),(495,'A','Pass'),(496,'C','Pass'),(497,'C','Pass'),(498,'C','Pass'),(499,'A','Pass'),(500,'D','Fail'),(501,'C','Pass'),(502,'C','Pass'),(503,'A','Pass'),(504,'D','Fail'),(505,'B','Pass'),(506,'B','Pass'),(507,'A','Pass'),(508,'A','Pass'),(509,'C','Pass'),(510,'F','Fail'),(511,'A','Pass'),(512,'A','Pass'),(513,'D','Fail'),(514,'A','Pass'),(515,'C','Pass'),(516,'F','Fail'),(517,'A','Pass'),(518,'D','Fail'),(519,'C','Pass'),(520,'A','Pass'),(521,'A','Pass'),(522,'D','Fail'),(523,'D','Fail'),(524,'A','Pass'),(525,'C','Pass'),(526,'A','Pass'),(527,'D','Fail'),(528,'A','Pass'),(529,'F','Fail'),(530,'C','Pass'),(531,'D','Fail'),(532,'D','Fail'),(533,'F','Fail'),(534,'C','Pass'),(535,'A','Pass'),(536,'C','Pass'),(537,'A','Pass'),(538,'A','Pass'),(539,'B','Pass'),(540,'A','Pass'),(541,'A','Pass'),(542,'A','Pass'),(543,'B','Pass'),(544,'A','Pass'),(545,'B','Pass'),(546,'C','Pass'),(547,'D','Fail'),(548,'F','Fail'),(549,'A','Pass'),(550,'F','Fail'),(551,'C','Pass'),(552,'F','Fail'),(553,'C','Pass'),(554,'D','Fail'),(555,'B','Pass'),(556,'F','Fail'),(557,'A','Pass'),(558,'F','Fail'),(559,'C','Pass'),(560,'A','Pass'),(561,'F','Fail'),(562,'F','Fail'),(563,'F','Fail'),(564,'F','Fail'),(565,'A','Pass'),(566,'B','Pass'),(567,'A','Pass'),(568,'B','Pass'),(569,'A','Pass'),(570,'B','Pass'),(571,'A','Pass'),(572,'C','Pass'),(573,'A','Pass'),(574,'A','Pass'),(575,'B','Pass'),(576,'A','Pass'),(577,'D','Fail'),(578,'D','Fail'),(579,'B','Pass'),(580,'D','Fail'),(581,'A','Pass'),(582,'C','Pass'),(583,'B','Pass'),(584,'A','Pass'),(585,'D','Fail'),(586,'F','Fail'),(587,'D','Fail'),(588,'F','Fail'),(589,'D','Fail'),(590,'B','Pass'),(591,'A','Pass'),(592,'C','Pass'),(593,'D','Fail'),(594,'C','Pass'),(595,'A','Pass'),(596,'F','Fail'),(597,'F','Fail'),(598,'C','Pass'),(599,'F','Fail'),(600,'D','Fail'),(601,'C','Pass'),(602,'C','Pass'),(603,'A','Pass'),(604,'B','Pass'),(605,'C','Pass'),(606,'A','Pass'),(607,'C','Pass'),(608,'B','Pass'),(609,'A','Pass'),(610,'C','Pass'),(611,'F','Fail'),(612,'A','Pass'),(613,'B','Pass'),(614,'A','Pass'),(615,'B','Pass'),(616,'C','Pass'),(617,'A','Pass'),(618,'C','Pass'),(619,'A','Pass'),(620,'C','Pass'),(621,'A','Pass'),(622,'C','Pass'),(623,'D','Fail'),(624,'B','Pass'),(625,'D','Fail'),(626,'A','Pass'),(627,'F','Fail'),(628,'F','Fail'),(629,'A','Pass'),(630,'F','Fail'),(631,'A','Pass'),(632,'D','Fail'),(633,'B','Pass'),(634,'A','Pass'),(635,'C','Pass'),(636,'A','Pass'),(637,'C','Pass'),(638,'F','Fail'),(639,'A','Pass'),(640,'C','Pass'),(641,'F','Fail'),(642,'C','Pass'),(643,'F','Fail'),(644,'F','Fail'),(645,'C','Pass'),(646,'A','Pass'),(647,'A','Pass'),(648,'F','Fail'),(649,'A','Pass'),(650,'A','Pass'),(651,'D','Fail'),(652,'A','Pass'),(653,'D','Fail'),(654,'A','Pass'),(655,'C','Pass'),(656,'D','Fail'),(657,'A','Pass'),(658,'D','Fail'),(659,'D','Fail'),(660,'B','Pass'),(661,'D','Fail'),(662,'F','Fail'),(663,'F','Fail'),(664,'B','Pass'),(665,'A','Pass'),(666,'D','Fail'),(667,'D','Fail'),(668,'C','Pass'),(669,'A','Pass'),(670,'D','Fail'),(671,'B','Pass'),(672,'F','Fail'),(673,'F','Fail'),(674,'A','Pass'),(675,'C','Pass'),(676,'D','Fail'),(677,'C','Pass'),(678,'A','Pass'),(679,'C','Pass'),(680,'D','Fail'),(681,'F','Fail'),(682,'B','Pass'),(683,'B','Pass'),(684,'A','Pass'),(685,'A','Pass'),(686,'D','Fail'),(687,'A','Pass'),(688,'A','Pass'),(689,'F','Fail'),(690,'B','Pass'),(691,'A','Pass'),(692,'B','Pass'),(693,'A','Pass'),(694,'D','Fail'),(695,'D','Fail'),(696,'A','Pass'),(697,'C','Pass'),(698,'D','Fail'),(699,'C','Pass'),(700,'B','Pass'),(701,'D','Fail'),(702,'B','Pass'),(703,'B','Pass'),(704,'C','Pass'),(705,'B','Pass'),(706,'C','Pass'),(707,'C','Pass'),(708,'F','Fail'),(709,'F','Fail'),(710,'A','Pass'),(711,'F','Fail'),(712,'C','Pass'),(713,'A','Pass'),(714,'A','Pass'),(715,'C','Pass'),(716,'D','Fail'),(717,'D','Fail'),(718,'C','Pass'),(719,'A','Pass'),(720,'F','Fail'),(721,'D','Fail'),(722,'A','Pass'),(723,'C','Pass'),(724,'F','Fail'),(725,'A','Pass'),(726,'A','Pass'),(727,'A','Pass'),(728,'A','Pass'),(729,'D','Fail'),(730,'D','Fail'),(731,'A','Pass'),(732,'F','Fail'),(733,'C','Pass'),(734,'F','Fail'),(735,'D','Fail'),(736,'C','Pass'),(737,'C','Pass'),(738,'D','Fail'),(739,'F','Fail'),(740,'F','Fail'),(741,'F','Fail'),(742,'F','Fail'),(743,'B','Pass'),(744,'F','Fail'),(745,'A','Pass'),(746,'C','Pass'),(747,'F','Fail'),(748,'F','Fail'),(749,'B','Pass'),(750,'F','Fail'),(751,'A','Pass'),(752,'B','Pass'),(753,'B','Pass'),(754,'D','Fail'),(755,'F','Fail'),(756,'F','Fail'),(757,'A','Pass'),(758,'C','Pass'),(759,'D','Fail'),(760,'F','Fail'),(761,'C','Pass'),(762,'C','Pass'),(763,'A','Pass'),(764,'A','Pass'),(765,'A','Pass'),(766,'C','Pass'),(767,'B','Pass'),(768,'F','Fail'),(769,'C','Pass'),(770,'A','Pass'),(771,'F','Fail'),(772,'F','Fail'),(773,'B','Pass'),(774,'A','Pass'),(775,'A','Pass'),(776,'A','Pass'),(777,'A','Pass'),(778,'A','Pass'),(779,'A','Pass'),(780,'A','Pass'),(781,'C','Pass'),(782,'D','Fail'),(783,'C','Pass'),(784,'D','Fail'),(785,'C','Pass'),(786,'A','Pass'),(787,'A','Pass'),(788,'A','Pass'),(789,'B','Pass'),(790,'B','Pass'),(791,'C','Pass'),(792,'C','Pass'),(793,'D','Fail'),(794,'D','Fail'),(795,'F','Fail'),(796,'D','Fail'),(797,'B','Pass'),(798,'B','Pass'),(799,'A','Pass'),(800,'A','Pass'),(801,'C','Pass'),(802,'B','Pass'),(803,'A','Pass'),(804,'D','Fail'),(805,'B','Pass'),(806,'D','Fail'),(807,'D','Fail'),(808,'A','Pass'),(809,'D','Fail'),(810,'C','Pass'),(811,'C','Pass'),(812,'A','Pass'),(813,'F','Fail'),(814,'D','Fail'),(815,'C','Pass'),(816,'D','Fail'),(817,'D','Fail'),(818,'D','Fail'),(819,'C','Pass'),(820,'C','Pass'),(821,'B','Pass'),(822,'D','Fail'),(823,'B','Pass'),(824,'D','Fail'),(825,'D','Fail'),(826,'D','Fail'),(827,'B','Pass'),(828,'D','Fail'),(829,'D','Fail'),(830,'C','Pass'),(831,'C','Pass'),(832,'F','Fail'),(833,'A','Pass'),(834,'F','Fail'),(835,'D','Fail'),(836,'B','Pass'),(837,'D','Fail'),(838,'B','Pass'),(839,'A','Pass'),(840,'B','Pass'),(841,'C','Pass'),(842,'F','Fail'),(843,'F','Fail'),(844,'D','Fail'),(845,'C','Pass'),(846,'C','Pass'),(847,'B','Pass'),(848,'D','Fail'),(849,'C','Pass'),(850,'A','Pass'),(851,'A','Pass'),(852,'B','Pass'),(853,'A','Pass'),(854,'F','Fail'),(855,'F','Fail'),(856,'D','Fail'),(857,'F','Fail'),(858,'D','Fail'),(859,'D','Fail'),(860,'A','Pass'),(861,'A','Pass'),(862,'A','Pass'),(863,'B','Pass'),(864,'F','Fail'),(865,'D','Fail'),(866,'B','Pass'),(867,'A','Pass'),(868,'F','Fail'),(869,'D','Fail'),(870,'A','Pass'),(871,'C','Pass'),(872,'F','Fail'),(873,'F','Fail'),(874,'D','Fail'),(875,'A','Pass'),(876,'D','Fail'),(877,'F','Fail'),(878,'B','Pass'),(879,'D','Fail'),(880,'C','Pass'),(881,'D','Fail'),(882,'F','Fail'),(883,'F','Fail'),(884,'A','Pass'),(885,'C','Pass'),(886,'A','Pass'),(887,'D','Fail'),(888,'A','Pass'),(889,'B','Pass'),(890,'A','Pass'),(891,'A','Pass'),(892,'D','Fail'),(893,'F','Fail'),(894,'C','Pass'),(895,'A','Pass'),(896,'A','Pass'),(897,'B','Pass'),(898,'B','Pass'),(899,'F','Fail'),(900,'C','Pass'),(901,'A','Pass'),(902,'F','Fail'),(903,'C','Pass'),(904,'B','Pass'),(905,'D','Fail'),(906,'C','Pass'),(907,'C','Pass'),(908,'F','Fail'),(909,'B','Pass'),(910,'B','Pass'),(911,'B','Pass'),(912,'B','Pass'),(913,'B','Pass'),(914,'F','Fail'),(915,'A','Pass'),(916,'B','Pass'),(917,'D','Fail'),(918,'D','Fail'),(919,'C','Pass'),(920,'A','Pass'),(921,'C','Pass'),(922,'D','Fail'),(923,'B','Pass'),(924,'A','Pass'),(925,'D','Fail'),(926,'A','Pass'),(927,'B','Pass'),(928,'A','Pass'),(929,'D','Fail'),(930,'F','Fail'),(931,'B','Pass'),(932,'D','Fail'),(933,'B','Pass'),(934,'C','Pass'),(935,'B','Pass'),(936,'B','Pass'),(937,'D','Fail'),(938,'C','Pass'),(939,'A','Pass'),(940,'D','Fail'),(941,'F','Fail'),(942,'F','Fail'),(943,'B','Pass'),(944,'C','Pass'),(945,'A','Pass'),(946,'B','Pass'),(947,'F','Fail'),(948,'C','Pass'),(949,'C','Pass'),(950,'A','Pass'),(951,'B','Pass'),(952,'A','Pass'),(953,'F','Fail'),(954,'F','Fail'),(955,'A','Pass'),(956,'F','Fail'),(957,'C','Pass'),(958,'A','Pass'),(959,'A','Pass'),(960,'A','Pass'),(961,'D','Fail'),(962,'A','Pass'),(963,'D','Fail'),(964,'C','Pass'),(965,'C','Pass'),(966,'C','Pass'),(967,'F','Fail'),(968,'A','Pass'),(969,'B','Pass'),(970,'B','Pass'),(971,'D','Fail'),(972,'C','Pass'),(973,'F','Fail'),(974,'D','Fail'),(975,'F','Fail'),(976,'D','Fail'),(977,'A','Pass'),(978,'B','Pass'),(979,'C','Pass'),(980,'B','Pass'),(981,'B','Pass'),(982,'F','Fail'),(983,'C','Pass'),(984,'D','Fail'),(985,'C','Pass'),(986,'F','Fail'),(987,'F','Fail'),(988,'C','Pass'),(989,'C','Pass'),(990,'A','Pass'),(991,'D','Fail'),(992,'A','Pass'),(993,'D','Fail'),(994,'D','Fail'),(995,'B','Pass'),(996,'B','Pass'),(997,'D','Fail'),(998,'B','Pass'),(999,'C','Pass'),(1000,'F','Fail'),(1001,'B','Pass'),(1002,'F','Fail'),(1003,'B','Pass'),(1004,'F','Fail'),(1005,'D','Fail'),(1006,'C','Pass'),(1007,'D','Fail'),(1008,'D','Fail'),(1009,'B','Pass'),(1010,'C','Pass'),(1011,'A','Pass'),(1012,'F','Fail'),(1013,'C','Pass'),(1014,'D','Fail'),(1015,'D','Fail'),(1016,'C','Pass'),(1017,'A','Pass'),(1018,'C','Pass'),(1019,'C','Pass'),(1020,'D','Fail'),(1021,'B','Pass'),(1022,'A','Pass'),(1023,'A','Pass'),(1024,'C','Pass'),(1025,'F','Fail'),(1026,'B','Pass'),(1027,'D','Fail'),(1028,'A','Pass'),(1029,'B','Pass'),(1030,'A','Pass'),(1031,'A','Pass'),(1032,'D','Fail'),(1033,'C','Pass'),(1034,'B','Pass'),(1035,'A','Pass'),(1036,'D','Fail'),(1037,'D','Fail'),(1038,'B','Pass'),(1039,'D','Fail'),(1040,'B','Pass'),(1041,'F','Fail'),(1042,'D','Fail'),(1043,'F','Fail'),(1044,'B','Pass'),(1045,'F','Fail'),(1046,'A','Pass'),(1047,'B','Pass'),(1048,'C','Pass'),(1049,'C','Pass'),(1050,'F','Fail'),(1051,'F','Fail'),(1052,'A','Pass'),(1053,'B','Pass'),(1054,'C','Pass'),(1055,'C','Pass'),(1056,'B','Pass'),(1057,'A','Pass'),(1058,'A','Pass'),(1059,'A','Pass'),(1060,'C','Pass'),(1061,'A','Pass'),(1062,'F','Fail'),(1063,'C','Pass'),(1064,'F','Fail'),(1065,'C','Pass'),(1066,'D','Fail'),(1067,'F','Fail'),(1068,'B','Pass'),(1069,'B','Pass'),(1070,'B','Pass'),(1071,'A','Pass'),(1072,'D','Fail'),(1073,'C','Pass'),(1074,'A','Pass'),(1075,'C','Pass'),(1076,'A','Pass'),(1077,'F','Fail'),(1078,'C','Pass'),(1079,'D','Fail'),(1080,'A','Pass'),(1081,'A','Pass'),(1082,'F','Fail'),(1083,'C','Pass'),(1084,'C','Pass'),(1085,'F','Fail'),(1086,'A','Pass'),(1087,'C','Pass'),(1088,'C','Pass'),(1089,'B','Pass'),(1090,'F','Fail'),(1091,'F','Fail'),(1092,'F','Fail'),(1093,'A','Pass'),(1094,'B','Pass'),(1095,'C','Pass'),(1096,'B','Pass'),(1097,'A','Pass'),(1098,'A','Pass'),(1099,'A','Pass'),(1100,'C','Pass'),(1101,'F','Fail'),(1102,'D','Fail'),(1103,'C','Pass'),(1104,'A','Pass'),(1105,'C','Pass'),(1106,'B','Pass'),(1107,'A','Pass'),(1108,'F','Fail'),(1109,'C','Pass'),(1110,'A','Pass'),(1111,'C','Pass'),(1112,'A','Pass'),(1113,'A','Pass'),(1114,'D','Fail'),(1115,'B','Pass'),(1116,'B','Pass'),(1117,'A','Pass'),(1118,'A','Pass'),(1119,'B','Pass'),(1120,'A','Pass'),(1121,'A','Pass'),(1122,'A','Pass'),(1123,'A','Pass'),(1124,'D','Fail'),(1125,'A','Pass'),(1126,'D','Fail'),(1127,'B','Pass'),(1128,'A','Pass'),(1129,'D','Fail'),(1130,'B','Pass'),(1131,'D','Fail'),(1132,'B','Pass'),(1133,'C','Pass'),(1134,'B','Pass'),(1135,'A','Pass'),(1136,'D','Fail'),(1137,'A','Pass'),(1138,'A','Pass'),(1139,'D','Fail'),(1140,'A','Pass'),(1141,'F','Fail'),(1142,'C','Pass'),(1143,'A','Pass'),(1144,'D','Fail'),(1145,'C','Pass'),(1146,'D','Fail'),(1147,'A','Pass'),(1148,'B','Pass'),(1149,'B','Pass'),(1150,'A','Pass'),(1151,'C','Pass'),(1152,'A','Pass'),(1153,'F','Fail'),(1154,'A','Pass'),(1155,'C','Pass'),(1156,'A','Pass'),(1157,'C','Pass'),(1158,'D','Fail'),(1159,'D','Fail'),(1160,'A','Pass'),(1161,'A','Pass'),(1162,'D','Fail'),(1163,'B','Pass'),(1164,'A','Pass'),(1165,'B','Pass'),(1166,'A','Pass'),(1167,'A','Pass'),(1168,'C','Pass'),(1169,'A','Pass'),(1170,'B','Pass'),(1171,'C','Pass'),(1172,'A','Pass'),(1173,'F','Fail'),(1174,'C','Pass'),(1175,'B','Pass'),(1176,'A','Pass'),(1177,'F','Fail'),(1178,'C','Pass'),(1179,'C','Pass'),(1180,'B','Pass'),(1181,'F','Fail'),(1182,'D','Fail'),(1183,'F','Fail'),(1184,'B','Pass'),(1185,'B','Pass'),(1186,'A','Pass'),(1187,'A','Pass'),(1188,'A','Pass'),(1189,'A','Pass'),(1190,'A','Pass'),(1191,'A','Pass'),(1192,'F','Fail'),(1193,'F','Fail'),(1194,'B','Pass'),(1195,'D','Fail'),(1196,'D','Fail'),(1197,'F','Fail'),(1198,'F','Fail'),(1199,'C','Pass'),(1200,'C','Pass'),(1201,'D','Fail'),(1202,'A','Pass'),(1203,'F','Fail'),(1204,'F','Fail'),(1205,'C','Pass'),(1206,'A','Pass'),(1207,'C','Pass'),(1208,'A','Pass'),(1209,'C','Pass'),(1210,'C','Pass'),(1211,'A','Pass'),(1212,'F','Fail'),(1213,'A','Pass'),(1214,'C','Pass'),(1215,'A','Pass'),(1216,'F','Fail'),(1217,'A','Pass'),(1218,'A','Pass'),(1219,'B','Pass'),(1220,'B','Pass'),(1221,'D','Fail'),(1222,'C','Pass'),(1223,'D','Fail'),(1224,'B','Pass'),(1225,'F','Fail'),(1226,'F','Fail'),(1227,'A','Pass'),(1228,'A','Pass'),(1229,'F','Fail'),(1230,'A','Pass'),(1231,'F','Fail'),(1232,'D','Fail'),(1233,'A','Pass'),(1234,'B','Pass'),(1235,'A','Pass'),(1236,'C','Pass'),(1237,'A','Pass'),(1238,'A','Pass'),(1239,'C','Pass'),(1240,'A','Pass'),(1241,'D','Fail'),(1242,'C','Pass'),(1243,'D','Fail'),(1244,'D','Fail'),(1245,'F','Fail'),(1246,'A','Pass'),(1247,'B','Pass'),(1248,'A','Pass'),(1249,'B','Pass'),(1250,'B','Pass'),(1251,'A','Pass'),(1252,'A','Pass'),(1253,'C','Pass'),(1254,'D','Fail'),(1255,'C','Pass'),(1256,'C','Pass'),(1257,'B','Pass'),(1258,'A','Pass'),(1259,'F','Fail'),(1260,'D','Fail'),(1261,'F','Fail'),(1262,'C','Pass'),(1263,'D','Fail'),(1264,'C','Pass'),(1265,'A','Pass'),(1266,'B','Pass'),(1267,'B','Pass'),(1268,'C','Pass'),(1269,'A','Pass'),(1270,'F','Fail'),(1271,'C','Pass'),(1272,'D','Fail'),(1273,'B','Pass'),(1274,'B','Pass'),(1275,'B','Pass'),(1276,'A','Pass'),(1277,'B','Pass'),(1278,'B','Pass'),(1279,'F','Fail'),(1280,'F','Fail'),(1281,'D','Fail'),(1282,'B','Pass'),(1283,'A','Pass'),(1284,'D','Fail'),(1285,'A','Pass'),(1286,'B','Pass'),(1287,'F','Fail'),(1288,'A','Pass'),(1289,'A','Pass'),(1290,'C','Pass'),(1291,'A','Pass'),(1292,'D','Fail'),(1293,'A','Pass'),(1294,'A','Pass'),(1295,'A','Pass'),(1296,'F','Fail'),(1297,'A','Pass'),(1298,'F','Fail'),(1299,'D','Fail'),(1300,'F','Fail'),(1301,'D','Fail'),(1302,'A','Pass'),(1303,'C','Pass'),(1304,'B','Pass'),(1305,'C','Pass'),(1306,'A','Pass'),(1307,'F','Fail'),(1308,'A','Pass'),(1309,'F','Fail'),(1310,'A','Pass'),(1311,'A','Pass'),(1312,'B','Pass'),(1313,'A','Pass'),(1314,'D','Fail'),(1315,'B','Pass'),(1316,'F','Fail'),(1317,'A','Pass'),(1318,'B','Pass'),(1319,'C','Pass'),(1320,'C','Pass'),(1321,'A','Pass'),(1322,'A','Pass'),(1323,'A','Pass'),(1324,'B','Pass'),(1325,'A','Pass'),(1326,'B','Pass'),(1327,'C','Pass'),(1328,'C','Pass'),(1329,'B','Pass'),(1330,'C','Pass'),(1331,'D','Fail'),(1332,'A','Pass'),(1333,'C','Pass'),(1334,'F','Fail'),(1335,'C','Pass'),(1336,'C','Pass'),(1337,'C','Pass'),(1338,'A','Pass'),(1339,'C','Pass'),(1340,'C','Pass'),(1341,'C','Pass'),(1342,'C','Pass'),(1343,'F','Fail'),(1344,'A','Pass'),(1345,'C','Pass'),(1346,'C','Pass'),(1347,'D','Fail'),(1348,'A','Pass'),(1349,'A','Pass'),(1350,'A','Pass'),(1351,'A','Pass'),(1352,'D','Fail'),(1353,'C','Pass'),(1354,'A','Pass'),(1355,'C','Pass'),(1356,'A','Pass'),(1357,'A','Pass'),(1358,'A','Pass'),(1359,'C','Pass'),(1360,'A','Pass'),(1361,'A','Pass'),(1362,'C','Pass'),(1363,'C','Pass'),(1364,'F','Fail'),(1365,'A','Pass'),(1366,'C','Pass'),(1367,'B','Pass'),(1368,'D','Fail'),(1369,'A','Pass'),(1370,'F','Fail'),(1371,'B','Pass'),(1372,'A','Pass'),(1373,'A','Pass'),(1374,'B','Pass'),(1375,'B','Pass'),(1376,'C','Pass'),(1377,'B','Pass'),(1378,'C','Pass'),(1379,'F','Fail'),(1380,'B','Pass'),(1381,'C','Pass'),(1382,'F','Fail'),(1383,'B','Pass'),(1384,'D','Fail'),(1385,'F','Fail'),(1386,'C','Pass'),(1387,'F','Fail'),(1388,'C','Pass'),(1389,'A','Pass'),(1390,'D','Fail'),(1391,'B','Pass'),(1392,'F','Fail'),(1393,'B','Pass'),(1394,'C','Pass'),(1395,'A','Pass'),(1396,'F','Fail'),(1397,'F','Fail'),(1398,'F','Fail'),(1399,'F','Fail'),(1400,'A','Pass'),(1401,'F','Fail'),(1402,'B','Pass'),(1403,'F','Fail'),(1404,'C','Pass'),(1405,'D','Fail'),(1406,'F','Fail'),(1407,'B','Pass'),(1408,'B','Pass'),(1409,'D','Fail'),(1410,'C','Pass'),(1411,'B','Pass'),(1412,'A','Pass'),(1413,'B','Pass'),(1414,'F','Fail'),(1415,'A','Pass'),(1416,'A','Pass'),(1417,'A','Pass'),(1418,'A','Pass'),(1419,'B','Pass'),(1420,'F','Fail'),(1421,'F','Fail'),(1422,'A','Pass'),(1423,'C','Pass'),(1424,'F','Fail'),(1425,'B','Pass'),(1426,'C','Pass'),(1427,'C','Pass'),(1428,'B','Pass'),(1429,'D','Fail'),(1430,'D','Fail'),(1431,'D','Fail'),(1432,'D','Fail'),(1433,'C','Pass'),(1434,'A','Pass'),(1435,'F','Fail'),(1436,'F','Fail'),(1437,'A','Pass'),(1438,'C','Pass'),(1439,'A','Pass'),(1440,'C','Pass'),(1441,'B','Pass'),(1442,'C','Pass'),(1443,'D','Fail'),(1444,'D','Fail'),(1445,'C','Pass'),(1446,'A','Pass'),(1447,'A','Pass'),(1448,'B','Pass'),(1449,'F','Fail'),(1450,'C','Pass'),(1451,'B','Pass'),(1452,'B','Pass'),(1453,'D','Fail'),(1454,'B','Pass'),(1455,'F','Fail'),(1456,'C','Pass'),(1457,'A','Pass'),(1458,'F','Fail'),(1459,'D','Fail'),(1460,'A','Pass'),(1461,'B','Pass'),(1462,'C','Pass'),(1463,'C','Pass'),(1464,'D','Fail'),(1465,'C','Pass'),(1466,'A','Pass'),(1467,'D','Fail'),(1468,'C','Pass'),(1469,'C','Pass'),(1470,'D','Fail'),(1471,'B','Pass'),(1472,'D','Fail'),(1473,'B','Pass'),(1474,'A','Pass'),(1475,'C','Pass'),(1476,'D','Fail'),(1477,'D','Fail'),(1478,'A','Pass'),(1479,'F','Fail'),(1480,'A','Pass'),(1481,'A','Pass'),(1482,'B','Pass'),(1483,'A','Pass'),(1484,'F','Fail'),(1485,'F','Fail'),(1486,'F','Fail'),(1487,'D','Fail'),(1488,'F','Fail'),(1489,'C','Pass'),(1490,'B','Pass'),(1491,'B','Pass'),(1492,'F','Fail'),(1493,'A','Pass'),(1494,'C','Pass'),(1495,'F','Fail'),(1496,'C','Pass'),(1497,'A','Pass'),(1498,'A','Pass'),(1499,'A','Pass'),(1500,'D','Fail'),(1501,'A','Pass'),(1502,'C','Pass'),(1503,'F','Fail'),(1504,'C','Pass'),(1505,'D','Fail'),(1506,'C','Pass'),(1507,'B','Pass'),(1508,'F','Fail'),(1509,'B','Pass'),(1510,'F','Fail'),(1511,'D','Fail'),(1512,'C','Pass'),(1513,'C','Pass'),(1514,'F','Fail'),(1515,'F','Fail'),(1516,'A','Pass'),(1517,'C','Pass'),(1518,'C','Pass'),(1519,'A','Pass'),(1520,'A','Pass'),(1521,'F','Fail'),(1522,'C','Pass'),(1523,'C','Pass'),(1524,'B','Pass'),(1525,'A','Pass'),(1526,'F','Fail'),(1527,'D','Fail'),(1528,'A','Pass'),(1529,'A','Pass'),(1530,'D','Fail'),(1531,'B','Pass'),(1532,'A','Pass'),(1533,'D','Fail'),(1534,'B','Pass'),(1535,'F','Fail'),(1536,'F','Fail'),(1537,'A','Pass'),(1538,'F','Fail'),(1539,'B','Pass'),(1540,'B','Pass'),(1541,'C','Pass'),(1542,'C','Pass'),(1543,'D','Fail'),(1544,'A','Pass'),(1545,'B','Pass'),(1546,'C','Pass'),(1547,'C','Pass'),(1548,'A','Pass'),(1549,'D','Fail'),(1550,'C','Pass'),(1551,'B','Pass'),(1552,'D','Fail'),(1553,'A','Pass'),(1554,'D','Fail'),(1555,'F','Fail'),(1556,'D','Fail'),(1557,'B','Pass'),(1558,'A','Pass'),(1559,'A','Pass'),(1560,'D','Fail'),(1561,'C','Pass'),(1562,'B','Pass'),(1563,'B','Pass'),(1564,'A','Pass'),(1565,'A','Pass'),(1566,'C','Pass'),(1567,'A','Pass'),(1568,'B','Pass'),(1569,'D','Fail'),(1570,'D','Fail'),(1571,'C','Pass'),(1572,'A','Pass'),(1573,'D','Fail'),(1574,'F','Fail'),(1575,'F','Fail'),(1576,'A','Pass'),(1577,'A','Pass'),(1578,'A','Pass'),(1579,'D','Fail'),(1580,'A','Pass'),(1581,'A','Pass'),(1582,'F','Fail'),(1583,'B','Pass'),(1584,'F','Fail'),(1585,'D','Fail'),(1586,'A','Pass'),(1587,'F','Fail'),(1588,'D','Fail'),(1589,'C','Pass'),(1590,'B','Pass'),(1591,'A','Pass'),(1592,'F','Fail'),(1593,'B','Pass'),(1594,'D','Fail'),(1595,'A','Pass'),(1596,'A','Pass'),(1597,'D','Fail'),(1598,'F','Fail'),(1599,'B','Pass'),(1600,'A','Pass'),(1601,'F','Fail'),(1602,'A','Pass'),(1603,'A','Pass'),(1604,'F','Fail'),(1605,'D','Fail'),(1606,'F','Fail'),(1607,'A','Pass'),(1608,'A','Pass'),(1609,'A','Pass'),(1610,'F','Fail'),(1611,'C','Pass'),(1612,'C','Pass'),(1613,'B','Pass'),(1614,'D','Fail'),(1615,'C','Pass'),(1616,'D','Fail'),(1617,'D','Fail'),(1618,'C','Pass'),(1619,'A','Pass'),(1620,'C','Pass'),(1621,'F','Fail'),(1622,'F','Fail'),(1623,'B','Pass'),(1624,'D','Fail'),(1625,'F','Fail'),(1626,'C','Pass'),(1627,'A','Pass'),(1628,'A','Pass'),(1629,'A','Pass'),(1630,'C','Pass'),(1631,'D','Fail'),(1632,'B','Pass'),(1633,'C','Pass'),(1634,'D','Fail'),(1635,'C','Pass'),(1636,'C','Pass'),(1637,'B','Pass'),(1638,'B','Pass'),(1639,'D','Fail'),(1640,'C','Pass'),(1641,'A','Pass'),(1642,'A','Pass'),(1643,'A','Pass'),(1644,'A','Pass'),(1645,'F','Fail'),(1646,'F','Fail'),(1647,'B','Pass'),(1648,'B','Pass'),(1649,'A','Pass'),(1650,'B','Pass'),(1651,'A','Pass'),(1652,'C','Pass'),(1653,'D','Fail'),(1654,'C','Pass'),(1655,'A','Pass'),(1656,'D','Fail'),(1657,'D','Fail'),(1658,'F','Fail'),(1659,'A','Pass'),(1660,'B','Pass'),(1661,'C','Pass'),(1662,'D','Fail'),(1663,'F','Fail'),(1664,'D','Fail'),(1665,'A','Pass'),(1666,'B','Pass'),(1667,'A','Pass'),(1668,'F','Fail'),(1669,'A','Pass'),(1670,'A','Pass'),(1671,'B','Pass'),(1672,'C','Pass'),(1673,'F','Fail'),(1674,'A','Pass'),(1675,'C','Pass'),(1676,'D','Fail'),(1677,'A','Pass'),(1678,'A','Pass'),(1679,'D','Fail'),(1680,'A','Pass'),(1681,'B','Pass'),(1682,'B','Pass'),(1683,'A','Pass'),(1684,'A','Pass'),(1685,'B','Pass'),(1686,'B','Pass'),(1687,'A','Pass'),(1688,'D','Fail'),(1689,'A','Pass'),(1690,'A','Pass'),(1691,'C','Pass'),(1692,'A','Pass'),(1693,'B','Pass'),(1694,'B','Pass'),(1695,'F','Fail'),(1696,'A','Pass'),(1697,'F','Fail'),(1698,'A','Pass'),(1699,'A','Pass'),(1700,'A','Pass'),(1701,'F','Fail'),(1702,'A','Pass'),(1703,'A','Pass'),(1704,'F','Fail'),(1705,'D','Fail'),(1706,'C','Pass'),(1707,'A','Pass'),(1708,'A','Pass'),(1709,'A','Pass'),(1710,'B','Pass'),(1711,'B','Pass'),(1712,'D','Fail'),(1713,'C','Pass'),(1714,'A','Pass'),(1715,'D','Fail'),(1716,'D','Fail'),(1717,'D','Fail'),(1718,'B','Pass'),(1719,'A','Pass'),(1720,'A','Pass'),(1721,'A','Pass'),(1722,'F','Fail'),(1723,'A','Pass'),(1724,'C','Pass'),(1725,'F','Fail'),(1726,'C','Pass'),(1727,'D','Fail'),(1728,'B','Pass'),(1729,'D','Fail'),(1730,'D','Fail'),(1731,'A','Pass'),(1732,'C','Pass'),(1733,'A','Pass'),(1734,'A','Pass'),(1735,'D','Fail'),(1736,'A','Pass'),(1737,'D','Fail'),(1738,'D','Fail'),(1739,'D','Fail'),(1740,'C','Pass'),(1741,'F','Fail'),(1742,'B','Pass'),(1743,'D','Fail'),(1744,'B','Pass'),(1745,'D','Fail'),(1746,'A','Pass'),(1747,'F','Fail'),(1748,'A','Pass'),(1749,'A','Pass'),(1750,'F','Fail'),(1751,'C','Pass'),(1752,'C','Pass'),(1753,'D','Fail'),(1754,'C','Pass'),(1755,'B','Pass'),(1756,'A','Pass'),(1757,'F','Fail'),(1758,'A','Pass'),(1759,'A','Pass'),(1760,'A','Pass'),(1761,'D','Fail'),(1762,'F','Fail'),(1763,'F','Fail'),(1764,'A','Pass'),(1765,'B','Pass'),(1766,'B','Pass'),(1767,'D','Fail'),(1768,'F','Fail'),(1769,'D','Fail'),(1770,'C','Pass'),(1771,'D','Fail'),(1772,'A','Pass'),(1773,'A','Pass'),(1774,'C','Pass'),(1775,'A','Pass'),(1776,'C','Pass'),(1777,'D','Fail'),(1778,'C','Pass'),(1779,'F','Fail'),(1780,'A','Pass'),(1781,'D','Fail'),(1782,'A','Pass'),(1783,'D','Fail'),(1784,'C','Pass'),(1785,'D','Fail'),(1786,'F','Fail'),(1787,'B','Pass'),(1788,'A','Pass'),(1789,'F','Fail'),(1790,'D','Fail'),(1791,'F','Fail'),(1792,'A','Pass'),(1793,'F','Fail'),(1794,'F','Fail'),(1795,'C','Pass'),(1796,'A','Pass'),(1797,'A','Pass'),(1798,'C','Pass'),(1799,'F','Fail'),(1800,'C','Pass'),(1801,'A','Pass'),(1802,'F','Fail'),(1803,'A','Pass'),(1804,'A','Pass'),(1805,'F','Fail'),(1806,'A','Pass'),(1807,'A','Pass'),(1808,'F','Fail'),(1809,'F','Fail'),(1810,'C','Pass'),(1811,'C','Pass'),(1812,'C','Pass'),(1813,'C','Pass'),(1814,'A','Pass'),(1815,'C','Pass'),(1816,'A','Pass'),(1817,'C','Pass'),(1818,'C','Pass'),(1819,'F','Fail'),(1820,'A','Pass'),(1821,'F','Fail'),(1822,'A','Pass'),(1823,'B','Pass'),(1824,'A','Pass'),(1825,'A','Pass'),(1826,'F','Fail'),(1827,'A','Pass'),(1828,'C','Pass'),(1829,'D','Fail'),(1830,'C','Pass'),(1831,'A','Pass'),(1832,'A','Pass'),(1833,'A','Pass'),(1834,'C','Pass'),(1835,'C','Pass'),(1836,'F','Fail'),(1837,'D','Fail'),(1838,'A','Pass'),(1839,'A','Pass'),(1840,'F','Fail'),(1841,'D','Fail'),(1842,'A','Pass'),(1843,'C','Pass'),(1844,'F','Fail'),(1845,'A','Pass'),(1846,'D','Fail'),(1847,'C','Pass'),(1848,'C','Pass'),(1849,'D','Fail'),(1850,'C','Pass'),(1851,'B','Pass'),(1852,'C','Pass'),(1853,'F','Fail'),(1854,'B','Pass'),(1855,'F','Fail'),(1856,'D','Fail'),(1857,'A','Pass'),(1858,'A','Pass'),(1859,'F','Fail'),(1860,'F','Fail'),(1861,'C','Pass'),(1862,'C','Pass'),(1863,'B','Pass'),(1864,'D','Fail'),(1865,'B','Pass'),(1866,'A','Pass'),(1867,'A','Pass'),(1868,'A','Pass'),(1869,'A','Pass'),(1870,'A','Pass'),(1871,'D','Fail'),(1872,'C','Pass'),(1873,'A','Pass'),(1874,'A','Pass'),(1875,'D','Fail'),(1876,'A','Pass'),(1877,'A','Pass'),(1878,'F','Fail'),(1879,'C','Pass'),(1880,'A','Pass'),(1881,'D','Fail'),(1882,'B','Pass'),(1883,'C','Pass'),(1884,'D','Fail'),(1885,'B','Pass'),(1886,'A','Pass'),(1887,'B','Pass'),(1888,'C','Pass'),(1889,'B','Pass'),(1890,'C','Pass'),(1891,'B','Pass'),(1892,'D','Fail'),(1893,'F','Fail'),(1894,'C','Pass'),(1895,'A','Pass'),(1896,'A','Pass'),(1897,'A','Pass'),(1898,'C','Pass'),(1899,'F','Fail'),(1900,'B','Pass'),(1901,'A','Pass'),(1902,'A','Pass'),(1903,'B','Pass'),(1904,'A','Pass'),(1905,'C','Pass'),(1906,'C','Pass'),(1907,'C','Pass'),(1908,'B','Pass'),(1909,'A','Pass'),(1910,'F','Fail'),(1911,'C','Pass'),(1912,'A','Pass'),(1913,'B','Pass'),(1914,'A','Pass'),(1915,'D','Fail'),(1916,'D','Fail'),(1917,'A','Pass'),(1918,'B','Pass'),(1919,'F','Fail'),(1920,'A','Pass'),(1921,'C','Pass'),(1922,'F','Fail'),(1923,'A','Pass'),(1924,'F','Fail'),(1925,'A','Pass'),(1926,'F','Fail'),(1927,'C','Pass'),(1928,'B','Pass'),(1929,'F','Fail'),(1930,'B','Pass'),(1931,'F','Fail'),(1932,'A','Pass'),(1933,'A','Pass'),(1934,'D','Fail'),(1935,'A','Pass'),(1936,'F','Fail'),(1937,'A','Pass'),(1938,'F','Fail'),(1939,'C','Pass'),(1940,'D','Fail'),(1941,'B','Pass'),(1942,'F','Fail'),(1943,'A','Pass'),(1944,'A','Pass'),(1945,'C','Pass'),(1946,'F','Fail'),(1947,'C','Pass'),(1948,'B','Pass'),(1949,'C','Pass'),(1950,'B','Pass'),(1951,'C','Pass'),(1952,'C','Pass'),(1953,'C','Pass'),(1954,'A','Pass'),(1955,'A','Pass'),(1956,'C','Pass'),(1957,'A','Pass'),(1958,'A','Pass'),(1959,'D','Fail'),(1960,'D','Fail'),(1961,'B','Pass'),(1962,'D','Fail'),(1963,'D','Fail'),(1964,'A','Pass'),(1965,'C','Pass'),(1966,'C','Pass'),(1967,'A','Pass'),(1968,'A','Pass'),(1969,'A','Pass'),(1970,'B','Pass'),(1971,'A','Pass'),(1972,'D','Fail'),(1973,'C','Pass'),(1974,'C','Pass'),(1975,'A','Pass'),(1976,'C','Pass'),(1977,'F','Fail'),(1978,'F','Fail'),(1979,'B','Pass'),(1980,'C','Pass'),(1981,'F','Fail'),(1982,'A','Pass'),(1983,'A','Pass'),(1984,'A','Pass'),(1985,'D','Fail'),(1986,'A','Pass'),(1987,'A','Pass'),(1988,'A','Pass'),(1989,'F','Fail'),(1990,'C','Pass'),(1991,'C','Pass'),(1992,'D','Fail'),(1993,'C','Pass'),(1994,'F','Fail'),(1995,'F','Fail'),(1996,'C','Pass'),(1997,'C','Pass'),(1998,'B','Pass'),(1999,'D','Fail'),(2000,'B','Pass');
/*!40000 ALTER TABLE `gradeletter` ENABLE KEYS */;
UNLOCK TABLES;

--
-- Table structure for table `schedule`
--

DROP TABLE IF EXISTS `schedule`;
/*!40101 SET @saved_cs_client     = @@character_set_client */;
/*!50503 SET character_set_client = utf8mb4 */;
CREATE TABLE `schedule` (
  `ScheduleID` int NOT NULL AUTO_INCREMENT,
  `ZoomLink` varchar(45) NOT NULL,
  `DateStart` date NOT NULL,
  `DateEnd` date NOT NULL,
  `ClassID` int NOT NULL,
  PRIMARY KEY (`ScheduleID`),
  UNIQUE KEY `ScheduleID_UNIQUE` (`ScheduleID`),
  KEY `fk_schedule_class1_idx` (`ClassID`),
  CONSTRAINT `fk_schedule_class1` FOREIGN KEY (`ClassID`) REFERENCES `class` (`ClassID`)
) ENGINE=InnoDB AUTO_INCREMENT=51 DEFAULT CHARSET=utf8mb4 COLLATE=utf8mb4_0900_ai_ci;
/*!40101 SET character_set_client = @saved_cs_client */;

--
-- Dumping data for table `schedule`
--

LOCK TABLES `schedule` WRITE;
/*!40000 ALTER TABLE `schedule` DISABLE KEYS */;
INSERT INTO `schedule` VALUES (1,'http://zoom.us/13','2023-03-09','2023-08-02',2),(2,'http://zoom.us/167','2023-09-04','2023-09-06',27),(3,'http://zoom.us/130','2023-04-26','2023-11-14',36),(4,'http://zoom.us/125','2023-11-01','2023-11-19',33),(5,'http://zoom.us/173','2023-01-01','2023-04-07',8),(6,'http://zoom.us/36','2023-08-03','2023-11-12',34),(7,'http://zoom.us/113','2023-04-25','2023-06-05',34),(8,'http://zoom.us/90','2023-08-15','2023-09-07',1),(9,'http://zoom.us/175','2023-02-24','2023-11-09',28),(10,'http://zoom.us/65','2023-08-14','2023-10-02',14),(11,'http://zoom.us/55','2023-10-01','2023-11-03',33),(12,'http://zoom.us/49','2023-02-01','2023-06-11',11),(13,'http://zoom.us/76','2023-07-06','2023-07-17',26),(14,'http://zoom.us/62','2023-06-21','2023-06-25',24),(15,'http://zoom.us/68','2023-01-21','2023-09-03',30),(16,'http://zoom.us/40','2023-07-22','2023-09-02',36),(17,'http://zoom.us/26','2023-06-20','2023-10-18',39),(18,'http://zoom.us/83','2023-07-01','2023-07-18',16),(19,'http://zoom.us/23','2023-07-17','2023-10-19',32),(20,'http://zoom.us/75','2023-07-11','2023-11-14',16),(21,'http://zoom.us/133','2023-09-25','2023-10-11',9),(22,'http://zoom.us/77','2023-07-21','2023-11-18',13),(23,'http://zoom.us/185','2023-04-13','2023-06-27',17),(24,'http://zoom.us/10','2023-11-15','2023-11-03',31),(25,'http://zoom.us/178','2023-07-19','2023-08-22',18),(26,'http://zoom.us/120','2023-02-17','2023-03-09',19),(27,'http://zoom.us/32','2023-08-15','2023-10-18',28),(28,'http://zoom.us/39','2023-04-14','2023-10-21',3),(29,'http://zoom.us/91','2023-06-08','2023-09-21',9),(30,'http://zoom.us/190','2023-07-01','2023-07-14',29),(31,'http://zoom.us/176','2023-10-25','2023-10-03',17),(32,'http://zoom.us/65','2023-10-04','2023-11-27',7),(33,'http://zoom.us/34','2023-01-18','2023-06-24',39),(34,'http://zoom.us/192','2023-09-18','2023-11-04',14),(35,'http://zoom.us/71','2023-02-10','2023-02-19',20),(36,'http://zoom.us/161','2023-01-15','2023-09-18',9),(37,'http://zoom.us/142','2023-07-19','2023-08-14',30),(38,'http://zoom.us/99','2023-01-04','2023-02-01',18),(39,'http://zoom.us/16','2023-01-05','2023-10-02',38),(40,'http://zoom.us/157','2023-05-08','2023-06-01',9),(41,'http://zoom.us/170','2023-03-21','2023-04-22',31),(42,'http://zoom.us/86','2023-11-20','2023-11-09',16),(43,'http://zoom.us/111','2023-06-24','2023-08-05',10),(44,'http://zoom.us/159','2023-03-20','2023-09-08',21),(45,'http://zoom.us/190','2023-01-08','2023-05-01',38),(46,'http://zoom.us/23','2023-05-22','2023-10-24',18),(47,'http://zoom.us/6','2023-07-04','2023-09-09',32),(48,'http://zoom.us/139','2023-05-19','2023-10-10',14),(49,'http://zoom.us/50','2023-06-03','2023-11-14',14),(50,'http://zoom.us/177','2023-06-19','2023-09-27',2);
/*!40000 ALTER TABLE `schedule` ENABLE KEYS */;
UNLOCK TABLES;

--
-- Table structure for table `student`
--

DROP TABLE IF EXISTS `student`;
/*!40101 SET @saved_cs_client     = @@character_set_client */;
/*!50503 SET character_set_client = utf8mb4 */;
CREATE TABLE `student` (
  `StudentID` int NOT NULL AUTO_INCREMENT,
  `LastName` varchar(45) NOT NULL,
  `FirstName` varchar(45) NOT NULL,
  `Address` varchar(45) NOT NULL,
  `JoinDate` date NOT NULL,
  `GradeID` int NOT NULL,
  PRIMARY KEY (`StudentID`),
  UNIQUE KEY `StudentId_UNIQUE` (`StudentID`),
  KEY `fk_student_grade1_idx` (`GradeID`),
  CONSTRAINT `fk_student_grade1` FOREIGN KEY (`GradeID`) REFERENCES `gradeletter` (`GradeID`)
) ENGINE=InnoDB AUTO_INCREMENT=2001 DEFAULT CHARSET=utf8mb4 COLLATE=utf8mb4_0900_ai_ci;
/*!40101 SET character_set_client = @saved_cs_client */;

--
-- Dumping data for table `student`
--

LOCK TABLES `student` WRITE;
/*!40000 ALTER TABLE `student` DISABLE KEYS */;
INSERT INTO `student` VALUES (1,'Perez','Sophia','Road 3944 Topacio','2021-05-25',1),(2,'Roberts','Mateo','3855 LaSalle','2019-04-11',2),(3,'Young','Gianna','3272 Melgar','2021-06-02',3),(4,'Green','Elijah','4761 Illinois St','2022-06-22',4),(5,'Mitchell','Lucas','1238 Mijo','2020-01-24',5),(6,'Thompson','Gianna','393 Top','2021-07-07',6),(7,'Pugh','Olivia','4451 Topacio','2022-04-02',7),(8,'Ramirez','Liam','Cr 2823 Banat','2019-06-09',8),(9,'Sanchez','Ethan','1220 Urshell','2020-07-26',9),(10,'Scott','Nicolás','3495 Magnificent Mile','2019-01-08',10),(11,'Jackson','Benjamin','2559 Third','2021-01-16',11),(12,'White','Emma','857 First','2019-05-04',12),(13,'Torres','Henry','2366 Cuisine','2020-01-01',13),(14,'Lee','Ethan','2094 Ibague','2021-07-27',14),(15,'Torres','Luna','Cr 228 Spoti','2022-06-14',15),(16,'White','Benjamin','Road 228 Duki','2021-07-22',16),(17,'Nelson','Mia','275 Urshell','2020-06-03',17),(18,'White','Nicolás','2097 PanaValpo','2021-10-01',18),(19,'White','Noah','3581 Colorado','2022-07-17',19),(20,'Rivera','Noah','2066 Chapell Hill','2019-11-15',20),(21,'Adams','Olivia','3155 Banat','2021-03-10',21),(22,'Campbell','Ava','2263 LaSalle','2021-07-02',22),(23,'Jackson','Charlotte','Cr 1353 Spoti','2020-06-05',23),(24,'Lee','Olivia','3509 St monica','2019-06-20',24),(25,'Green','Oliver','533 Bogota','2021-09-17',25),(26,'Martin','Nicolás','3575 Choconta','2019-06-16',26),(27,'Torres','Thiago','4553 Cazzo','2019-02-21',27),(28,'Walker','Thiago','2877 Third','2021-04-27',28),(29,'Harris','Santiago','3013 Magnificent Mile','2020-05-05',29),(30,'Taylor','Benjamin','Cr 2122 Parce','2021-10-08',30),(31,'Walker','Dylan','Road 2122 Colorado','2020-03-01',31),(32,'Campbell','Theodore','2085 Banat','2021-01-11',32),(33,'Davis','Noah','4183 Fourth','2019-09-24',33),(34,'Lopez','Noah','3886 Third','2022-04-17',34),(35,'Wright','Benjamin','3236 Magnificent Mile','2019-04-25',35),(36,'Lewis','Charlotte','4830 Duki','2021-11-18',36),(37,'Harris','Santiago','2072 Guajira','2019-11-27',37),(38,'Ramirez','Sophia','Cr 269 LaSalle','2019-04-01',38),(39,'Thomas','Noah','4652 Choconta','2019-06-11',39),(40,'Smith','James','4095 Fifi','2019-07-15',40),(41,'Walker','Ava','240 Cuisine','2022-01-12',41),(42,'King','Theodore','4147 First','2019-01-01',42),(43,'Brown','Ian','2438 Urshell','2022-04-13',43),(44,'Robinson','Noah','656 Salento','2021-09-01',44),(45,'Wilson','William','Cr 2447 Ibague','2021-09-23',45),(46,'Garcia','Luna','Road 2447 Third','2020-02-16',46),(47,'Martin','Benjamin','4863 WhiskyTumaco','2019-01-13',47),(48,'Scott','Ava','1246 PanaValpo','2021-02-02',48),(49,'Thomas','Thiago','3757 Colorado','2022-08-20',49),(50,'Jackson','Charlotte','4924 Salento','2021-09-02',50),(51,'Hernandez','Mía','4150 Bogota','2021-10-02',51),(52,'Anderson','Luna','2907 First','2021-01-07',52),(53,'Martinez','Charlotte','Cr 4599 Banat','2019-01-02',53),(54,'White','Kole','3372 Illinois St','2019-01-01',54),(55,'Taylor','Emma','3572 WhiskyTumaco','2021-08-18',55),(56,'Anderson','Noah','3497 Salento','2022-08-03',56),(57,'Walker','Olivia','74 Spoti','2022-01-06',57),(58,'Torres','Ava','4754 Parce','2020-08-27',58),(59,'Walker','Kole','4076 Mor','2020-09-25',59),(60,'Campbell','William','Cr 453 Mor','2020-01-27',60),(61,'Adams','Valentina','Road 453 LaSalle','2019-06-10',61),(62,'Bargwell','Kole','2300 Colorado','2021-05-06',62),(63,'White','Charlotte','1948 Illinois St','2022-09-19',63),(64,'White','Emma','279 Topacio','2019-02-27',64),(65,'Johnson','Victoria','3908 Duki','2020-02-13',65),(66,'Pugh','Emma','2379 Topacio','2021-02-04',66),(67,'Baker','Elijah','2758 Salento','2022-05-27',67),(68,'Ramirez','Mateo','Cr 3705 Ibague','2021-04-16',68),(69,'Anderson','Lucas','2461 Duki','2020-10-17',69),(70,'Torres','Noah','887 Spoti','2020-10-06',70),(71,'Nguyen','Emma','2074 Duki','2022-01-07',71),(72,'Mitchell','Gianna','1041 Salento','2022-11-08',72),(73,'Martinez','Valentina','4185 Magnificent Mile','2020-07-15',73),(74,'Gutierrez','Liam','4961 Cuisine','2021-09-09',74),(75,'Adams','Theodore','Cr 4956 PanaValpo','2020-01-19',75),(76,'Davis','Kole','Road 4956 Ibague','2021-01-27',76),(77,'White','Victoria','733 Fifi','2021-10-09',77),(78,'Thomas','Isabella','3497 Banat','2021-05-03',78),(79,'Anderson','Faith','4554 Mound St','2019-10-15',79),(80,'Thomas','Theodore','1866 Chapell Hill','2020-02-12',80),(81,'Thomas','Theodore','357 First','2020-09-19',81),(82,'Pugh','Ian','452 Spoti','2022-07-07',82),(83,'Baker','William','Cr 4348 WhiskyTumaco','2019-07-01',83),(84,'Lewis','Olivia','1798 Mor','2019-10-13',84),(85,'Lopez','Santiago','3749 Fourth','2021-04-11',85),(86,'Sanchez','William','4557 Duki','2022-03-23',86),(87,'Davis','Benjamin','2172 Mound St','2020-05-02',87),(88,'Hall','Benjamin','1415 Banat','2022-01-16',88),(89,'Thompson','Nicolás','1202 Top','2022-04-18',89),(90,'Taylor','William','Cr 2989 Cuisine','2020-02-01',90),(91,'Bargwell','Emma','Road 2989 Colorado','2019-01-20',91),(92,'Rodriguez','Sebastián','4622 Mound St','2022-01-16',92),(93,'Williams','Santiago','2779 Fourth','2019-02-18',93),(94,'Green','Milena','1236 Parce','2020-03-15',94),(95,'Bargwell','Sophia','1691 First','2020-03-17',95),(96,'Lopez','Oliver','3622 Spoti','2020-01-13',96),(97,'Robinson','Amaia','3292 Guajira','2022-07-04',97),(98,'Moore','Charlotte','Cr 4172 LaSalle','2022-04-26',98),(99,'Moore','Luna','3814 St monica','2021-10-20',99),(100,'Carter','Ian','1454 Magnificent Mile','2021-01-10',100),(101,'Baker','Ian','3105 First','2020-04-16',101),(102,'Jackson','Luna','3121 Urshell','2021-01-05',102),(103,'Brown','Luna','845 St monica','2021-01-01',103),(104,'Adams','Mia','4382 PanaValpo','2021-06-12',104),(105,'Garcia','William','Cr 4897 Banat','2021-09-04',105),(106,'Robinson','Kole','Road 4897 Third','2020-01-24',106),(107,'Miller','Elijah','3761 First','2020-01-09',107),(108,'Brown','Kole','947 Cazzo','2022-06-05',108),(109,'Lee','Aurora','316 Illinois St','2019-01-19',109),(110,'Ramirez','Sebastián','3896 Parce','2022-11-03',110),(111,'Williams','Aurora','181 Duki','2021-05-21',111),(112,'Torres','Nicolás','3379 Bogota','2022-01-21',112),(113,'Hill','Faith','Cr 1561 Cazzo','2020-02-24',113),(114,'Hill','Aurora','702 Park','2022-03-16',114),(115,'Thompson','Gianna','4480 Magnificent Mile','2020-02-13',115),(116,'Taylor','Thiago','2428 Banat','2019-11-12',116),(117,'Harris','Valentina','1643 Chapell Hill','2019-09-17',117),(118,'Pugh','Emma','2627 Ibague','2022-08-14',118),(119,'Johnson','James','3383 Third','2022-01-10',119),(120,'Robinson','Olivia','Cr 116 PanaValpo','2019-02-02',120),(121,'Mitchell','Luna','Road 116 PanaValpo','2022-04-01',121),(122,'Williams','Evelyn','4333 Colorado','2022-10-01',122),(123,'White','Santiago','847 Duki','2019-08-21',123),(124,'Nelson','Oliver','2359 St monica','2022-09-15',124),(125,'Johnson','Amaia','874 Park','2021-10-02',125),(126,'Gutierrez','Victoria','2370 PanaValpo','2021-09-06',126),(127,'Bargwell','Henry','3213 Guajira','2019-10-17',127),(128,'Perez','Mateo','Cr 2332 Duki','2020-03-18',128),(129,'Wilson','Liam','2838 Guajira','2021-01-18',129),(130,'Gonzalez','William','2024 Colorado','2019-02-06',130),(131,'Carter','Victoria','4965 Second','2022-03-17',131),(132,'Mitchell','James','4199 Ibague','2022-05-27',132),(133,'Clark','Sebastián','1172 Magnificent Mile','2019-07-27',133),(134,'Carter','Ethan','2292 Ibague','2021-06-26',134),(135,'Lopez','Liam','Cr 1159 Spoti','2020-01-02',135),(136,'Taylor','Nicolás','Road 1159 Fourth','2022-11-12',136),(137,'Young','Ian','2652 Urshell','2021-11-16',137),(138,'Allen','Amaia','1387 Chapell Hill','2021-04-22',138),(139,'Garcia','Victoria','3297 Colorado','2022-04-11',139),(140,'Baker','Oliver','3301 Guajira','2022-03-10',140),(141,'Wilson','Sophia','4530 Duki','2019-11-07',141),(142,'Hernandez','Sebastián','1365 Guajira','2019-01-06',142),(143,'Hill','Valentina','Cr 751 Magnificent Mile','2022-04-08',143),(144,'Young','Amaia','444 Chapell Hill','2021-09-26',144),(145,'Young','William','110 Urshell','2019-03-23',145),(146,'Allen','Amaia','3077 Duki','2022-02-02',146),(147,'Young','Amelia','4943 Fifi','2021-10-11',147),(148,'Roberts','Emma','1195 Duki','2020-03-25',148),(149,'White','William','1205 Banat','2020-02-07',149),(150,'Hernandez','Mateo','Cr 2726 First','2021-03-25',150),(151,'Brown','Aurora','Road 2726 Fifi','2020-01-16',151),(152,'Martin','Isabella','3324 Cuisine','2019-01-05',152),(153,'Ramirez','Liam','2757 Parce','2022-09-10',153),(154,'Pugh','Amelia','603 Magnificent Mile','2019-11-15',154),(155,'Garcia','Dylan','3123 Guajira','2021-05-27',155),(156,'Thomas','Elijah','2999 Banat','2021-10-08',156),(157,'Gutierrez','Dylan','4663 Spoti','2020-01-01',157),(158,'Nelson','Liam','Cr 2029 Topacio','2020-06-18',158),(159,'Wright','Gianna','3646 Urshell','2019-04-05',159),(160,'Roberts','Luna','1698 Fifi','2022-11-13',160),(161,'Jones','Henry','1781 Salento','2020-08-27',161),(162,'Nguyen','Emma','210 Mor','2021-05-08',162),(163,'Rivera','Benjamin','3708 Bogota','2020-09-27',163),(164,'Lee','James','4730 Cuisine','2020-05-09',164),(165,'Brown','Isabella','Cr 984 Urshell','2021-05-07',165),(166,'Smith','Noah','Road 984 Melgar','2019-06-10',166),(167,'Pugh','Oliver','3962 WhiskyTumaco','2022-11-23',167),(168,'Mitchell','Aurora','1555 Duki','2022-05-02',168),(169,'Jones','Santiago','4368 Mound St','2020-01-08',169),(170,'Gutierrez','Amelia','754 Banat','2020-01-09',170),(171,'Wright','Mia','1344 Cuisine','2022-07-11',171),(172,'Davis','James','773 Parce','2019-09-14',172),(173,'Roberts','Valentina','Cr 1225 Chapell Hill','2021-05-17',173),(174,'Williams','Noah','2557 Choconta','2020-01-24',174),(175,'Hall','Evelyn','1940 First','2021-09-19',175),(176,'Rodriguez','William','846 Fourth','2020-07-26',176),(177,'Lewis','Theodore','1557 Spoti','2019-03-26',177),(178,'Gonzalez','Theodore','3977 Cazzo','2021-11-03',178),(179,'Ramirez','Aurora','679 Top','2021-02-11',179),(180,'Green','Faith','Cr 2977 Urshell','2020-04-21',180),(181,'Mitchell','James','Road 2977 Top','2021-01-13',181),(182,'Wright','Isabella','1179 Cazzo','2019-05-20',182),(183,'Anderson','Noah','46 Mound St','2020-10-01',183),(184,'Walker','Amaia','2265 Urshell','2021-01-14',184),(185,'Ramirez','Liam','2573 Guajira','2020-01-17',185),(186,'Perez','Gianna','1685 Bogota','2019-07-20',186),(187,'White','Dylan','1873 Melgar','2020-09-21',187),(188,'Thompson','Ian','Cr 2135 Chapell Hill','2021-10-22',188),(189,'Brown','Gianna','4176 Ibague','2022-06-07',189),(190,'Smith','Amaia','3555 Fifi','2022-08-21',190),(191,'Jones','Victoria','133 Salento','2022-05-11',191),(192,'Rodriguez','Lucas','1285 Duki','2022-05-17',192),(193,'Thomas','Mía','4859 Cuisine','2019-01-23',193),(194,'Sanchez','Mía','3852 Mound St','2020-09-24',194),(195,'Brown','Ava','Cr 363 Chapell Hill','2021-09-10',195),(196,'Moore','William','Road 363 Illinois St','2020-01-22',196),(197,'Jones','Gianna','770 Third','2020-09-22',197),(198,'Rodriguez','Catalina','1485 Fourth','2020-01-20',198),(199,'Gutierrez','Lucas','3578 Park','2020-03-20',199),(200,'Jones','Lucas','687 Mor','2022-03-09',200),(201,'Williams','Gianna','2376 Spoti','2019-10-25',201),(202,'Allen','Nicolás','2935 Banat','2019-09-23',202),(203,'White','Faith','Cr 4252 Guajira','2019-05-24',203),(204,'White','Lucas','4777 Ibague','2022-06-10',204),(205,'Sanchez','Charlotte','3004 Bogota','2021-03-22',205),(206,'Smith','Noah','2168 Guajira','2021-06-02',206),(207,'Hill','Thiago','3913 Parce','2022-01-25',207),(208,'Brown','Luna','866 WhiskyTumaco','2019-10-07',208),(209,'Martinez','Theodore','229 Spoti','2019-03-24',209),(210,'Green','Ava','Cr 3380 St monica','2022-01-08',210),(211,'Robinson','Aurora','Road 3380 Mor','2022-04-04',211),(212,'Sanchez','Luna','2564 Magnificent Mile','2019-01-07',212),(213,'Jones','Santiago','2152 Guajira','2019-10-11',213),(214,'Hernandez','Charlotte','2547 LaSalle','2020-01-07',214),(215,'Walker','William','2057 Top','2020-04-08',215),(216,'Taylor','Luna','2633 Third','2021-07-23',216),(217,'Nguyen','Amaia','280 Colorado','2020-11-18',217),(218,'Miller','Olivia','Cr 3566 Mor','2022-04-01',218),(219,'Davis','Luna','2970 Mijo','2022-09-01',219),(220,'Perez','Sebastián','514 Top','2022-10-08',220),(221,'Lopez','Lucas','3048 Guajira','2022-03-01',221),(222,'Rodriguez','Evelyn','1561 Illinois St','2021-03-17',222),(223,'Pugh','Benjamin','2775 Fourth','2021-09-13',223),(224,'Robinson','Noah','3317 Mijo','2019-11-22',224),(225,'Gonzalez','Victoria','Cr 82 Top','2021-05-13',225),(226,'Allen','Mia','Road 82 Duki','2021-02-03',226),(227,'King','Catalina','2250 Top','2019-02-09',227),(228,'Adams','Henry','358 Mijo','2019-08-15',228),(229,'Torres','Lucas','2129 First','2021-07-14',229),(230,'Baker','Mateo','4463 Ibague','2019-04-27',230),(231,'Lopez','Sophia','109 Mor','2021-09-19',231),(232,'Lee','Nicolás','1372 Chapell Hill','2021-11-25',232),(233,'Baker','Nicolás','Cr 2027 Magnificent Mile','2021-11-12',233),(234,'Gutierrez','Ethan','1745 Mijo','2020-04-12',234),(235,'Torres','Gianna','3412 Fourth','2020-09-15',235),(236,'Young','Liam','3518 Salento','2019-07-03',236),(237,'Roberts','Amelia','859 Spoti','2020-01-09',237),(238,'Jackson','Noah','1319 St monica','2020-01-17',238),(239,'Nguyen','Sophia','2831 Cazzo','2021-06-24',239),(240,'Wilson','Liam','Cr 395 Chapell Hill','2019-05-05',240),(241,'Green','Mia','Road 395 Fifi','2020-02-12',241),(242,'Young','Dylan','4065 WhiskyTumaco','2022-04-17',242),(243,'Gutierrez','Elijah','525 Chapell Hill','2021-01-20',243),(244,'Sanchez','Sebastián','3758 LaSalle','2022-07-26',244),(245,'Lopez','William','3028 Fourth','2021-11-27',245),(246,'Rodriguez','Sophia','948 Guajira','2019-10-23',246),(247,'Ramirez','Emma','1145 Salento','2020-06-02',247),(248,'Gutierrez','Liam','Cr 2186 Salento','2020-03-15',248),(249,'Smith','Santiago','4578 Cuisine','2021-03-18',249),(250,'Nelson','Mía','1764 Mound St','2021-06-04',250),(251,'Taylor','Emma','3539 Ibague','2022-10-11',251),(252,'Roberts','Ian','3859 Third','2019-03-12',252),(253,'Green','Valentina','4148 Parce','2020-02-11',253),(254,'Brown','Theodore','2502 Parce','2021-02-25',254),(255,'Rivera','Mia','Cr 233 Fourth','2021-09-19',255),(256,'Hernandez','Luna','Road 233 First','2020-07-11',256),(257,'Hall','Amelia','2178 Urshell','2019-04-24',257),(258,'Johnson','Sebastián','1774 Cazzo','2021-07-20',258),(259,'Scott','Benjamin','244 St monica','2020-08-27',259),(260,'Rodriguez','Milena','3672 Spoti','2021-03-04',260),(261,'Davis','Thiago','724 Magnificent Mile','2021-01-03',261),(262,'Allen','Amelia','2802 Fourth','2019-08-18',262),(263,'Lee','Emma','Cr 282 Mound St','2022-01-19',263),(264,'Campbell','Theodore','2034 Urshell','2020-11-24',264),(265,'Thomas','Luna','1959 Magnificent Mile','2022-01-10',265),(266,'Walker','James','1947 St monica','2022-07-16',266),(267,'Hall','Lucas','645 Urshell','2022-03-18',267),(268,'Lopez','Ava','2790 Spoti','2020-04-10',268),(269,'Young','Valentina','3177 Magnificent Mile','2019-06-18',269),(270,'Green','Noah','Cr 3703 Park','2020-09-14',270),(271,'Brown','Catalina','Road 3703 Park','2022-01-06',271),(272,'Walker','Emma','873 Mound St','2020-05-09',272),(273,'Hernandez','Evelyn','4082 Parce','2022-08-17',273),(274,'Rodriguez','Elijah','2929 Mijo','2020-10-25',274),(275,'Jones','Lucas','2710 St monica','2019-03-16',275),(276,'Walker','Elijah','4429 First','2020-11-24',276),(277,'Brown','Aurora','156 WhiskyTumaco','2021-06-01',277),(278,'Wright','Amaia','Cr 1443 Ibague','2019-09-27',278),(279,'Clark','James','3811 Top','2021-01-20',279),(280,'Walker','Lucas','256 St monica','2021-02-13',280),(281,'Rivera','James','2887 St monica','2019-10-12',281),(282,'Walker','Catalina','4224 Top','2022-05-15',282),(283,'Green','Lucas','4138 Mor','2020-05-06',283),(284,'Wright','Milena','870 Ibague','2020-10-25',284),(285,'Martinez','James','Cr 4639 Duki','2021-02-21',285),(286,'Bargwell','Benjamin','Road 4639 Spoti','2019-07-13',286),(287,'Martin','Elijah','4013 Duki','2022-01-21',287),(288,'Walker','Gianna','3757 Mor','2019-08-19',288),(289,'Taylor','Charlotte','1808 Mijo','2021-02-26',289),(290,'Perez','Sebastián','2266 Bogota','2019-11-07',290),(291,'Baker','Ethan','4858 Mor','2021-10-03',291),(292,'Sanchez','Mia','3842 Spoti','2022-05-01',292),(293,'Wilson','Liam','Cr 3964 Guajira','2021-07-19',293),(294,'Campbell','Liam','3153 Second','2019-05-15',294),(295,'Williams','Mia','3884 Mound St','2021-01-19',295),(296,'Garcia','Mateo','453 Spoti','2019-08-09',296),(297,'Pugh','Valentina','299 PanaValpo','2020-07-27',297),(298,'Garcia','Oliver','83 Magnificent Mile','2019-05-05',298),(299,'Brown','Ava','3255 Bogota','2019-01-20',299),(300,'Martinez','Noah','Cr 467 Salento','2019-01-13',300),(301,'Walker','Gianna','Road 467 Second','2020-01-10',301),(302,'Perez','Gianna','4452 Duki','2021-10-10',302),(303,'Thompson','Victoria','1713 First','2020-01-09',303),(304,'Green','Amelia','4934 Fourth','2019-03-22',304),(305,'Baker','Lucas','3075 Melgar','2019-06-15',305),(306,'Clark','Sophia','1074 Second','2021-01-12',306),(307,'Hall','Olivia','664 Chapell Hill','2022-02-18',307),(308,'Anderson','Noah','Cr 1510 Colorado','2020-03-16',308),(309,'White','Aurora','600 Third','2022-02-24',309),(310,'White','Henry','1800 Fifi','2020-06-22',310),(311,'Martinez','Liam','1768 Spoti','2021-01-21',311),(312,'Wright','Catalina','1464 Choconta','2019-06-06',312),(313,'Roberts','Noah','2791 Cuisine','2021-05-26',313),(314,'Bargwell','Emma','920 WhiskyTumaco','2019-05-01',314),(315,'Jones','Liam','Cr 3239 Mor','2022-06-15',315),(316,'Rodriguez','Noah','Road 3239 Guajira','2019-03-11',316),(317,'Gutierrez','Emma','2773 Cuisine','2019-02-08',317),(318,'White','Noah','3184 Mijo','2021-01-03',318),(319,'Rivera','Ethan','773 Topacio','2020-01-18',319),(320,'Nguyen','Sophia','412 Colorado','2020-07-25',320),(321,'Thompson','Sebastián','3989 Third','2021-01-04',321),(322,'Jones','Elijah','2035 WhiskyTumaco','2022-06-27',322),(323,'King','Emma','Cr 607 Mound St','2022-07-02',323),(324,'Martinez','Luna','2382 Chapell Hill','2019-03-27',324),(325,'Anderson','Lucas','769 Fourth','2022-04-21',325),(326,'Young','Faith','1089 Colorado','2022-07-24',326),(327,'Thompson','Mía','4718 Bogota','2019-08-13',327),(328,'Allen','Theodore','1655 First','2022-01-23',328),(329,'Carter','Catalina','1736 Choconta','2021-02-10',329),(330,'Taylor','Dylan','Cr 3665 Parce','2021-11-01',330),(331,'Ramirez','Ethan','Road 3665 Guajira','2020-11-20',331),(332,'Flores','Liam','3190 Third','2021-01-01',332),(333,'Pugh','Isabella','4781 Duki','2021-11-18',333),(334,'Scott','Emma','3109 Choconta','2022-02-20',334),(335,'Robinson','James','3589 LaSalle','2020-01-01',335),(336,'Perez','Thiago','4363 Top','2022-09-24',336),(337,'Davis','Ethan','1098 Banat','2022-05-07',337),(338,'Ramirez','Lucas','Cr 3009 Urshell','2021-02-04',338),(339,'Torres','Santiago','4810 Chapell Hill','2021-03-11',339),(340,'Carter','Dylan','3921 Fifi','2021-03-12',340),(341,'Wright','Mía','2368 Top','2019-10-11',341),(342,'King','Catalina','4357 Illinois St','2021-08-14',342),(343,'Gonzalez','Victoria','2552 PanaValpo','2022-10-13',343),(344,'Taylor','Amelia','3696 Mijo','2022-11-21',344),(345,'Young','Catalina','Cr 2669 Salento','2019-01-06',345),(346,'Flores','Amaia','Road 2669 Third','2022-07-14',346),(347,'Young','Catalina','4875 WhiskyTumaco','2020-09-14',347),(348,'Gonzalez','Mía','127 Spoti','2019-06-10',348),(349,'Garcia','Lucas','237 Duki','2022-09-24',349),(350,'Gutierrez','Aurora','31 Top','2022-11-26',350),(351,'Anderson','Victoria','1537 Top','2019-08-16',351),(352,'Lee','Ian','2222 Ibague','2020-04-06',352),(353,'Clark','Oliver','Cr 2146 Top','2019-03-25',353),(354,'Pugh','Dylan','601 Urshell','2022-06-09',354),(355,'Anderson','Noah','1432 Salento','2021-02-03',355),(356,'Harris','Mía','3425 Fifi','2019-07-09',356),(357,'Campbell','Kole','3460 Bogota','2022-09-06',357),(358,'Mitchell','Theodore','3276 Mijo','2022-01-02',358),(359,'Lopez','Gianna','1056 Cazzo','2019-04-24',359),(360,'Torres','Ethan','Cr 685 Salento','2019-11-21',360),(361,'Wilson','Luna','Road 685 Choconta','2019-07-14',361),(362,'Garcia','Elijah','3874 Chapell Hill','2019-01-03',362),(363,'Nelson','Isabella','2179 Ibague','2022-02-19',363),(364,'Jones','Amaia','1117 Magnificent Mile','2020-06-07',364),(365,'Baker','James','3237 Fourth','2020-06-24',365),(366,'Lee','Noah','4245 Third','2021-02-19',366),(367,'Johnson','Catalina','2170 Top','2022-02-13',367),(368,'Ramirez','Dylan','Cr 2439 St monica','2022-07-11',368),(369,'Gonzalez','Lucas','2846 Second','2020-09-18',369),(370,'Bargwell','James','1375 Fifi','2019-03-27',370),(371,'Torres','Olivia','2678 LaSalle','2022-02-20',371),(372,'Hill','Ethan','4281 Cazzo','2019-10-06',372),(373,'Scott','Emma','1112 Top','2020-04-11',373),(374,'Williams','Liam','3386 LaSalle','2022-06-16',374),(375,'Taylor','Amaia','Cr 1105 Mound St','2020-05-10',375),(376,'Flores','Mia','Road 1105 Banat','2020-05-07',376),(377,'Brown','Lucas','4532 Spoti','2019-07-12',377),(378,'Robinson','Nicolás','2565 First','2020-05-18',378),(379,'Allen','Milena','2929 Topacio','2021-04-04',379),(380,'Lee','Luna','1811 Magnificent Mile','2020-07-01',380),(381,'Rodriguez','Liam','465 LaSalle','2020-09-04',381),(382,'Nguyen','Henry','4686 Fourth','2020-06-05',382),(383,'Adams','Luna','Cr 4881 Third','2021-02-18',383),(384,'Ramirez','Sebastián','1671 First','2021-04-26',384),(385,'Hall','Mía','3665 Fifi','2021-07-23',385),(386,'Nguyen','James','391 Top','2020-01-04',386),(387,'Brown','Catalina','741 LaSalle','2020-01-12',387),(388,'Jackson','Noah','1081 Guajira','2020-08-23',388),(389,'Green','Noah','18 Cazzo','2020-08-01',389),(390,'Ramirez','Luna','Cr 1082 Melgar','2019-09-12',390),(391,'Roberts','Oliver','Road 1082 Parce','2021-10-04',391),(392,'Jones','Amaia','3577 Cuisine','2019-10-14',392),(393,'Campbell','Amelia','3637 Banat','2020-04-16',393),(394,'Davis','Emma','882 WhiskyTumaco','2021-11-05',394),(395,'Sanchez','Catalina','1237 PanaValpo','2022-09-22',395),(396,'Nguyen','Isabella','1267 Top','2020-10-03',396),(397,'Scott','Liam','2091 First','2021-06-12',397),(398,'Jackson','Faith','Cr 2709 Colorado','2020-11-07',398),(399,'Gonzalez','Evelyn','2473 Salento','2019-01-26',399),(400,'Lewis','Thiago','2345 Parce','2020-07-17',400),(401,'Walker','William','3883 Topacio','2020-03-27',401),(402,'Jones','Victoria','4070 Topacio','2021-01-11',402),(403,'Bargwell','Faith','967 PanaValpo','2019-02-25',403),(404,'Hernandez','Gianna','2325 Colorado','2021-08-13',404),(405,'Torres','Henry','Cr 1748 Third','2022-04-04',405),(406,'Allen','Lucas','Road 1748 Duki','2020-04-03',406),(407,'Thompson','Elijah','232 Choconta','2022-05-15',407),(408,'Adams','Valentina','733 St monica','2019-08-06',408),(409,'Walker','Lucas','2779 Spoti','2021-02-21',409),(410,'Wright','Amaia','4557 Choconta','2021-08-06',410),(411,'Anderson','Luna','2573 Ibague','2022-11-19',411),(412,'Wilson','Ethan','2295 Parce','2021-07-23',412),(413,'Garcia','Olivia','Cr 3249 Fourth','2022-11-10',413),(414,'Walker','Valentina','3767 Duki','2019-11-06',414),(415,'Gutierrez','Luna','1108 Cazzo','2021-05-26',415),(416,'Williams','Nicolás','1258 WhiskyTumaco','2022-04-23',416),(417,'Wilson','Emma','2181 Mijo','2019-10-25',417),(418,'Thomas','William','4563 Mound St','2021-05-05',418),(419,'Walker','Victoria','4014 Mijo','2019-05-15',419),(420,'Flores','Mia','Cr 1617 Parce','2022-08-19',420),(421,'Rivera','Mía','Road 1617 Colorado','2019-05-20',421),(422,'Pugh','Faith','3122 Mound St','2021-05-26',422),(423,'Allen','Mía','2134 Spoti','2022-07-13',423),(424,'Flores','Gianna','2510 Fifi','2020-02-17',424),(425,'Pugh','Mía','2044 Ibague','2020-04-15',425),(426,'Roberts','Emma','4917 Parce','2019-05-02',426),(427,'Flores','Luna','951 Bogota','2021-11-06',427),(428,'Mitchell','Charlotte','Cr 4117 Mound St','2020-11-17',428),(429,'Martin','Henry','443 Guajira','2021-05-24',429),(430,'Thomas','Mateo','3634 Bogota','2022-01-23',430),(431,'Nguyen','Liam','4980 Banat','2021-02-18',431),(432,'Ramirez','Dylan','645 Magnificent Mile','2022-01-25',432),(433,'Walker','Amaia','4913 Parce','2022-10-23',433),(434,'Moore','Nicolás','1347 Melgar','2020-10-09',434),(435,'Bargwell','James','Cr 1244 Topacio','2020-06-05',435),(436,'Jackson','Gianna','Road 1244 Magnificent Mile','2021-07-27',436),(437,'Walker','William','2316 First','2021-07-24',437),(438,'Brown','Faith','2528 Third','2021-09-26',438),(439,'Ramirez','Charlotte','1330 Bogota','2022-01-20',439),(440,'Lewis','Lucas','1298 Mor','2021-06-04',440),(441,'Williams','Santiago','3443 PanaValpo','2022-01-03',441),(442,'Sanchez','Kole','4082 St monica','2022-10-19',442),(443,'Thompson','Ian','Cr 4936 Melgar','2019-07-11',443),(444,'Williams','Benjamin','2797 First','2019-01-13',444),(445,'Martinez','Sophia','781 Mor','2022-09-15',445),(446,'Roberts','Liam','946 St monica','2020-02-21',446),(447,'Lewis','Mia','1290 Cazzo','2020-03-01',447),(448,'Mitchell','Theodore','973 Topacio','2019-10-23',448),(449,'Carter','Theodore','322 Salento','2022-01-27',449),(450,'Bargwell','Ian','Cr 4324 Mor','2020-02-23',450),(451,'Baker','Isabella','Road 4324 First','2021-05-22',451),(452,'Thompson','Mia','1345 Fourth','2022-01-13',452),(453,'Miller','Gianna','675 Mor','2021-01-25',453),(454,'King','Amelia','1641 Topacio','2020-05-23',454),(455,'Martin','Nicolás','4776 Top','2020-03-01',455),(456,'Thompson','Luna','227 Bogota','2022-11-27',456),(457,'Gonzalez','Noah','4702 Top','2021-05-03',457),(458,'Young','Lucas','Cr 126 Cuisine','2019-05-01',458),(459,'Torres','Ethan','461 Fifi','2021-06-12',459),(460,'Smith','Charlotte','4912 WhiskyTumaco','2021-07-13',460),(461,'Jackson','Nicolás','1025 PanaValpo','2019-04-20',461),(462,'King','Ian','205 Bogota','2020-03-16',462),(463,'Moore','Amelia','4403 Chapell Hill','2020-11-19',463),(464,'Perez','Catalina','667 Second','2021-03-15',464),(465,'Harris','Liam','Cr 1151 Illinois St','2021-07-04',465),(466,'Anderson','Emma','Road 1151 Mound St','2020-11-25',466),(467,'King','Catalina','142 Duki','2020-07-27',467),(468,'White','Noah','3486 Cazzo','2020-06-24',468),(469,'Jackson','Liam','3363 Chapell Hill','2022-01-17',469),(470,'Roberts','Ian','1914 PanaValpo','2020-03-06',470),(471,'Smith','Nicolás','2186 Parce','2020-09-05',471),(472,'Lopez','Valentina','3512 Park','2022-02-21',472),(473,'Ramirez','Faith','Cr 4708 Mound St','2020-06-25',473),(474,'Nguyen','Aurora','1888 Colorado','2021-11-08',474),(475,'Gutierrez','Liam','1718 Third','2021-04-20',475),(476,'Wright','Charlotte','2373 Ibague','2021-09-10',476),(477,'Brown','Valentina','423 First','2021-04-27',477),(478,'Brown','Oliver','281 Choconta','2022-01-18',478),(479,'Anderson','Luna','3433 Duki','2020-06-20',479),(480,'Davis','Thiago','Cr 497 Urshell','2019-05-17',480),(481,'Davis','Liam','Road 497 Fifi','2022-08-14',481),(482,'Clark','Mia','1376 Mijo','2019-07-27',482),(483,'Robinson','Lucas','4553 PanaValpo','2020-05-26',483),(484,'Harris','Victoria','2585 Second','2019-02-16',484),(485,'Harris','Thiago','1743 Magnificent Mile','2022-10-02',485),(486,'Garcia','Sophia','1101 Melgar','2021-08-07',486),(487,'Miller','Henry','1768 Melgar','2019-02-24',487),(488,'Jones','Ethan','Cr 4797 Third','2021-03-21',488),(489,'Rodriguez','Ian','928 Topacio','2021-07-08',489),(490,'Torres','Faith','4674 Salento','2020-01-01',490),(491,'Rodriguez','Lucas','3004 Magnificent Mile','2019-11-05',491),(492,'Scott','Lucas','150 First','2021-10-14',492),(493,'Ramirez','Lucas','2949 Park','2022-09-19',493),(494,'Hernandez','Gianna','4084 Duki','2019-04-26',494),(495,'Harris','Ava','Cr 3179 LaSalle','2022-01-12',495),(496,'Johnson','Ian','Road 3179 Magnificent Mile','2020-03-01',496),(497,'Young','Theodore','3283 Topacio','2021-03-09',497),(498,'Wright','Henry','3855 Illinois St','2019-10-05',498),(499,'Flores','James','3907 Topacio','2019-04-15',499),(500,'Nguyen','Benjamin','2109 Magnificent Mile','2021-08-04',500),(501,'Smith','Sophia','3341 Melgar','2019-04-20',501),(502,'Carter','Evelyn','3380 Choconta','2021-04-20',502),(503,'Anderson','Mía','Cr 375 PanaValpo','2021-03-01',503),(504,'Martin','Nicolás','4919 Park','2022-03-24',504),(505,'Johnson','Santiago','4566 Choconta','2019-01-25',505),(506,'Allen','Ethan','2501 Parce','2022-07-12',506),(507,'Mitchell','Catalina','3772 Choconta','2019-04-27',507),(508,'Perez','Lucas','164 Mijo','2019-03-24',508),(509,'Adams','Mía','893 Cazzo','2021-08-22',509),(510,'Robinson','Milena','Cr 1964 Topacio','2022-05-12',510),(511,'Davis','Oliver','Road 1964 Banat','2021-07-12',511),(512,'Roberts','Emma','3884 LaSalle','2019-09-09',512),(513,'Nguyen','Benjamin','4692 Park','2022-08-03',513),(514,'Perez','James','1491 Ibague','2020-01-17',514),(515,'Adams','Thiago','2518 PanaValpo','2022-05-16',515),(516,'Garcia','Noah','2400 Colorado','2021-08-11',516),(517,'Robinson','Dylan','4781 PanaValpo','2021-10-01',517),(518,'Thomas','Ethan','Cr 4773 Topacio','2019-06-11',518),(519,'Jackson','Lucas','1667 Urshell','2022-11-02',519),(520,'Hall','Lucas','3796 PanaValpo','2022-03-01',520),(521,'Campbell','Isabella','5000 Colorado','2020-11-04',521),(522,'Nguyen','Isabella','977 Topacio','2021-05-20',522),(523,'Thompson','Noah','3076 Illinois St','2019-01-14',523),(524,'Hill','Emma','655 Salento','2022-08-20',524),(525,'Brown','Mía','Cr 3107 Top','2021-01-27',525),(526,'Thompson','Henry','Road 3107 Urshell','2019-10-18',526),(527,'Baker','Valentina','3777 Salento','2021-11-16',527),(528,'White','Lucas','3217 Fourth','2019-02-03',528),(529,'Scott','Liam','807 Park','2022-07-27',529),(530,'White','Ian','1934 PanaValpo','2020-03-14',530),(531,'Thompson','Catalina','4895 Second','2022-03-25',531),(532,'Jackson','Liam','2753 Melgar','2022-04-15',532),(533,'Jones','Luna','Cr 143 Mor','2022-03-24',533),(534,'Flores','Emma','2785 Fourth','2021-10-01',534),(535,'Gonzalez','Victoria','383 PanaValpo','2022-05-17',535),(536,'Clark','Ava','1901 Magnificent Mile','2021-01-17',536),(537,'Walker','Mia','3663 Chapell Hill','2019-01-27',537),(538,'Perez','Milena','2362 Parce','2022-05-08',538),(539,'Baker','Theodore','1130 Parce','2019-03-07',539),(540,'Martinez','Elijah','Cr 3556 Bogota','2019-01-02',540),(541,'Moore','Oliver','Road 3556 LaSalle','2021-09-07',541),(542,'Ramirez','Amelia','4988 Mor','2020-07-04',542),(543,'Gonzalez','Gianna','4122 Guajira','2022-10-08',543),(544,'Thomas','Victoria','1228 Topacio','2019-10-04',544),(545,'Campbell','Theodore','1320 Salento','2019-06-06',545),(546,'Davis','Aurora','3040 LaSalle','2022-01-11',546),(547,'Sanchez','Evelyn','3995 Illinois St','2020-04-18',547),(548,'Robinson','Nicolás','Cr 3500 PanaValpo','2020-01-02',548),(549,'Scott','Emma','1705 St monica','2020-01-14',549),(550,'Anderson','James','1476 Cuisine','2022-05-24',550),(551,'Pugh','Mía','126 Mor','2020-04-18',551),(552,'Nguyen','Faith','1676 Cuisine','2022-02-10',552),(553,'Taylor','Benjamin','4468 WhiskyTumaco','2021-09-27',553),(554,'Scott','Nicolás','4026 PanaValpo','2022-02-03',554),(555,'Jones','Ian','Cr 3903 Colorado','2019-05-12',555),(556,'Allen','Theodore','Road 3903 WhiskyTumaco','2019-10-26',556),(557,'Hall','Santiago','461 Urshell','2019-05-01',557),(558,'Allen','Mía','4261 Illinois St','2022-08-15',558),(559,'Nguyen','Victoria','4861 Cazzo','2021-09-18',559),(560,'Thompson','Emma','3407 Cuisine','2019-01-19',560),(561,'Robinson','Gianna','3561 Colorado','2021-08-08',561),(562,'Perez','Gianna','2717 Magnificent Mile','2022-02-13',562),(563,'Jones','Charlotte','Cr 2812 Mor','2021-04-12',563),(564,'Smith','Liam','1331 Fourth','2021-01-21',564),(565,'Thomas','Oliver','2956 LaSalle','2019-03-04',565),(566,'Davis','Sophia','3888 Duki','2019-10-01',566),(567,'Davis','Emma','3658 Top','2020-07-07',567),(568,'Moore','Liam','4482 Magnificent Mile','2020-09-03',568),(569,'Lewis','Oliver','3509 Second','2021-05-01',569),(570,'Allen','Luna','Cr 275 Top','2021-11-16',570),(571,'Harris','Sophia','Road 275 Bogota','2020-08-04',571),(572,'Davis','Noah','2098 Guajira','2020-07-05',572),(573,'Martinez','Nicolás','2919 Fifi','2020-08-14',573),(574,'Flores','Aurora','1114 Urshell','2020-09-23',574),(575,'Davis','Gianna','3705 LaSalle','2021-01-10',575),(576,'Anderson','Kole','4286 Guajira','2019-03-26',576),(577,'Hill','Mateo','2955 Bogota','2021-05-09',577),(578,'Nguyen','James','Cr 1824 Mor','2020-07-10',578),(579,'Davis','Noah','95 Guajira','2019-10-01',579),(580,'Hill','Emma','2336 Colorado','2019-01-02',580),(581,'Nelson','Lucas','2310 Fifi','2022-09-13',581),(582,'Martin','Amaia','2733 Second','2021-01-07',582),(583,'Hernandez','Emma','4425 Ibague','2021-07-20',583),(584,'Smith','Noah','4954 Melgar','2021-05-26',584),(585,'Walker','Mia','Cr 3128 Spoti','2020-04-17',585),(586,'Wilson','Catalina','Road 3128 Second','2021-01-01',586),(587,'Carter','Elijah','1377 Cazzo','2022-09-07',587),(588,'Walker','Liam','2603 LaSalle','2019-10-10',588),(589,'Rivera','Noah','4164 Duki','2020-06-01',589),(590,'Robinson','Gianna','441 Top','2021-05-25',590),(591,'Scott','Valentina','4849 Colorado','2021-09-21',591),(592,'Bargwell','Emma','365 Bogota','2019-06-10',592),(593,'Wright','Victoria','Cr 2871 Salento','2020-01-01',593),(594,'Moore','Mia','4459 Duki','2022-02-17',594),(595,'Mitchell','William','1320 Second','2019-07-16',595),(596,'Rodriguez','Kole','3100 Park','2022-08-06',596),(597,'Carter','Sophia','2122 Salento','2019-02-14',597),(598,'Baker','Aurora','962 Guajira','2021-03-12',598),(599,'Torres','Charlotte','3916 Park','2021-10-24',599),(600,'Ramirez','Elijah','Cr 2178 Ibague','2021-04-09',600),(601,'Taylor','Amaia','Road 2178 Duki','2022-01-13',601),(602,'Campbell','Milena','2913 Salento','2019-11-24',602),(603,'Jackson','Lucas','1635 Mor','2021-04-23',603),(604,'Wilson','Sebastián','4088 Chapell Hill','2022-08-03',604),(605,'Mitchell','Valentina','1841 Illinois St','2022-11-23',605),(606,'Pugh','Theodore','437 Magnificent Mile','2022-11-01',606),(607,'Flores','Ian','1069 First','2021-11-22',607),(608,'Wilson','James','Cr 873 Urshell','2019-09-03',608),(609,'Robinson','Kole','2726 Chapell Hill','2021-02-10',609),(610,'Baker','Sebastián','4264 St monica','2021-09-21',610),(611,'Roberts','Amaia','3798 Melgar','2021-10-16',611),(612,'Green','Ian','2809 Third','2020-08-15',612),(613,'Lewis','Dylan','4850 Bogota','2019-08-01',613),(614,'Johnson','Olivia','1547 Duki','2021-08-08',614),(615,'Young','Liam','Cr 3368 Urshell','2021-09-03',615),(616,'Green','Lucas','Road 3368 Chapell Hill','2022-09-23',616),(617,'Gonzalez','Faith','2711 Banat','2019-02-01',617),(618,'Adams','Aurora','812 Cazzo','2019-09-16',618),(619,'Wilson','Milena','1375 Parce','2019-01-18',619),(620,'Thomas','Nicolás','4776 Colorado','2020-01-07',620),(621,'Gonzalez','William','2697 Salento','2020-09-06',621),(622,'Robinson','Milena','4991 Park','2022-10-23',622),(623,'Carter','Evelyn','Cr 4229 Parce','2020-09-20',623),(624,'Hall','Santiago','82 Urshell','2022-11-17',624),(625,'Torres','Amaia','1101 Cazzo','2020-07-21',625),(626,'Carter','Victoria','3737 PanaValpo','2020-09-01',626),(627,'Lee','James','838 Cazzo','2022-05-19',627),(628,'Wilson','Thiago','3315 Illinois St','2020-10-14',628),(629,'Jackson','Milena','3533 Bogota','2022-10-01',629),(630,'Mitchell','Sebastián','Cr 4853 Fourth','2019-07-06',630),(631,'Gonzalez','Mia','Road 4853 Third','2020-09-17',631),(632,'Lee','Milena','1310 Mijo','2021-03-16',632),(633,'Hernandez','Mia','2055 Fourth','2020-10-11',633),(634,'Pugh','Charlotte','2281 Top','2022-07-09',634),(635,'Roberts','Henry','4539 Melgar','2019-04-16',635),(636,'Lopez','Elijah','1553 Second','2019-05-20',636),(637,'Green','Ava','2261 Spoti','2022-09-24',637),(638,'Lewis','Isabella','Cr 439 St monica','2022-04-12',638),(639,'Mitchell','Lucas','3402 Bogota','2021-10-02',639),(640,'Green','Nicolás','4726 Spoti','2021-11-02',640),(641,'Martinez','Luna','4396 Cazzo','2020-10-11',641),(642,'Flores','Aurora','738 Mound St','2022-05-10',642),(643,'Anderson','Mia','206 Parce','2019-02-16',643),(644,'Lewis','Noah','963 Magnificent Mile','2019-08-10',644),(645,'Roberts','Henry','Cr 1176 Mor','2021-01-27',645),(646,'Walker','Thiago','Road 1176 Illinois St','2020-03-01',646),(647,'Rivera','Liam','180 Fourth','2020-10-08',647),(648,'Thomas','Isabella','2137 Illinois St','2021-05-12',648),(649,'Davis','Isabella','1836 Fourth','2022-01-23',649),(650,'Harris','Ava','1388 Ibague','2021-10-02',650),(651,'Gutierrez','Mía','4809 Cuisine','2019-02-21',651),(652,'Smith','Sophia','958 Mor','2021-11-27',652),(653,'Davis','Isabella','Cr 1255 LaSalle','2022-07-07',653),(654,'Clark','Aurora','551 Second','2020-05-14',654),(655,'Thompson','Victoria','2527 Magnificent Mile','2019-06-05',655),(656,'Hall','Thiago','691 Chapell Hill','2021-04-23',656),(657,'Lewis','Catalina','447 Mijo','2019-02-06',657),(658,'Adams','Ava','4623 Salento','2021-02-05',658),(659,'King','Aurora','1293 PanaValpo','2019-04-19',659),(660,'Young','Mia','Cr 4443 Fourth','2019-06-10',660),(661,'Garcia','Amelia','Road 4443 Salento','2021-06-04',661),(662,'Martin','Kole','1680 Mound St','2021-08-13',662),(663,'Scott','Amaia','1437 Parce','2019-05-21',663),(664,'Thompson','Kole','3114 Second','2020-07-06',664),(665,'Garcia','Ava','2452 Salento','2019-01-10',665),(666,'Williams','Thiago','466 Mijo','2020-04-02',666),(667,'Lopez','Amaia','2270 PanaValpo','2021-10-26',667),(668,'Torres','Noah','Cr 4438 Choconta','2020-11-01',668),(669,'Baker','Ian','1770 Salento','2021-09-19',669),(670,'Robinson','Charlotte','3921 Choconta','2020-04-24',670),(671,'Williams','Kole','2803 Duki','2022-05-24',671),(672,'Wilson','Benjamin','3209 WhiskyTumaco','2022-07-05',672),(673,'Torres','Catalina','4129 Spoti','2022-11-21',673),(674,'Moore','Charlotte','1203 Banat','2020-02-24',674),(675,'Nelson','Olivia','Cr 1197 Mound St','2019-04-24',675),(676,'Roberts','Liam','Road 1197 Fifi','2022-10-20',676),(677,'Martin','Dylan','2363 Spoti','2021-02-03',677),(678,'Jones','Olivia','3017 PanaValpo','2020-06-26',678),(679,'Carter','Olivia','839 Fifi','2019-03-23',679),(680,'Miller','William','963 Topacio','2021-08-12',680),(681,'Taylor','Catalina','2553 Guajira','2019-04-23',681),(682,'Wright','Faith','4472 Mound St','2021-01-14',682),(683,'Scott','Luna','Cr 4656 LaSalle','2021-02-10',683),(684,'Jones','Dylan','4585 Topacio','2021-03-17',684),(685,'Carter','Victoria','4049 Fifi','2020-08-26',685),(686,'Carter','Aurora','1472 Cuisine','2022-06-05',686),(687,'Carter','Mía','1002 Guajira','2020-01-04',687),(688,'Flores','Liam','3264 Parce','2020-07-17',688),(689,'Smith','Ethan','3294 Colorado','2020-01-08',689),(690,'Hernandez','James','Cr 1719 Illinois St','2021-11-01',690),(691,'Thomas','William','Road 1719 Mound St','2020-08-20',691),(692,'Robinson','Liam','1634 Ibague','2021-01-04',692),(693,'Bargwell','Victoria','1745 Park','2022-01-15',693),(694,'Gutierrez','Ethan','3631 Mor','2022-02-25',694),(695,'Pugh','Olivia','2022 Cuisine','2021-01-16',695),(696,'Johnson','Henry','34 Fourth','2021-01-19',696),(697,'Taylor','Henry','341 St monica','2021-11-16',697),(698,'King','Nicolás','Cr 4007 St monica','2022-02-14',698),(699,'Mitchell','Amelia','4006 Parce','2022-09-18',699),(700,'Walker','Dylan','1138 Choconta','2019-01-22',700),(701,'Jones','Olivia','415 WhiskyTumaco','2021-01-14',701),(702,'Rivera','Benjamin','4974 Salento','2021-01-05',702),(703,'Gutierrez','Isabella','2315 Illinois St','2021-07-07',703),(704,'King','Liam','4123 Cazzo','2022-06-01',704),(705,'Wilson','Isabella','Cr 1516 Fourth','2020-06-25',705),(706,'Baker','Oliver','Road 1516 Ibague','2020-01-06',706),(707,'Torres','Theodore','4187 First','2019-03-06',707),(708,'Nguyen','Thiago','4763 Mor','2022-07-06',708),(709,'Johnson','Liam','4480 Mor','2021-02-08',709),(710,'Allen','Dylan','1473 Ibague','2019-01-08',710),(711,'Allen','Faith','778 LaSalle','2019-08-26',711),(712,'Martinez','Ian','3294 Ibague','2021-06-06',712),(713,'Flores','Emma','Cr 4788 First','2021-04-27',713),(714,'Rivera','Aurora','4236 Spoti','2020-11-08',714),(715,'Mitchell','Olivia','2691 Bogota','2022-04-08',715),(716,'Davis','Henry','21 Fourth','2022-03-26',716),(717,'Hernandez','Catalina','3986 Guajira','2020-01-21',717),(718,'Jackson','Emma','1562 Fifi','2022-11-17',718),(719,'Martin','Charlotte','2920 Mor','2022-04-21',719),(720,'Hernandez','Emma','Cr 1995 PanaValpo','2020-05-19',720),(721,'Bargwell','Valentina','Road 1995 Duki','2019-07-13',721),(722,'Moore','Mateo','3945 Guajira','2020-03-27',722),(723,'Martin','Ian','53 Fifi','2022-05-13',723),(724,'Roberts','Luna','718 Colorado','2020-09-04',724),(725,'Moore','Kole','2235 Cuisine','2022-01-13',725),(726,'Wilson','Sophia','2847 Mor','2020-02-02',726),(727,'Nelson','Henry','545 Magnificent Mile','2022-07-15',727),(728,'Flores','Sophia','Cr 3797 PanaValpo','2020-05-07',728),(729,'Miller','Catalina','3715 Cuisine','2022-11-13',729),(730,'Green','Liam','4489 First','2019-11-07',730),(731,'Rodriguez','Liam','3190 Cuisine','2020-02-21',731),(732,'Allen','Mateo','4851 PanaValpo','2019-11-02',732),(733,'Hernandez','Mía','1259 Illinois St','2021-03-17',733),(734,'Johnson','Noah','41 Choconta','2019-04-24',734),(735,'Nguyen','Henry','Cr 4134 First','2020-05-07',735),(736,'Anderson','Luna','Road 4134 Magnificent Mile','2019-03-01',736),(737,'Wright','Benjamin','1222 Fifi','2020-10-01',737),(738,'Nelson','Charlotte','4262 Fourth','2020-02-24',738),(739,'Scott','William','4770 Mijo','2019-05-17',739),(740,'Campbell','Kole','85 Cuisine','2020-10-18',740),(741,'Jackson','Santiago','589 First','2020-09-20',741),(742,'Williams','James','3893 Urshell','2022-05-27',742),(743,'Hernandez','Sophia','Cr 2018 Duki','2021-01-14',743),(744,'Taylor','Benjamin','2873 Mijo','2022-11-11',744),(745,'Wilson','Evelyn','3318 St monica','2021-01-19',745),(746,'Young','Noah','4291 Cazzo','2022-08-02',746),(747,'Ramirez','Oliver','4787 Fourth','2020-03-27',747),(748,'Mitchell','Kole','807 Parce','2022-01-09',748),(749,'White','Dylan','1406 Mound St','2022-10-18',749),(750,'Johnson','Ian','Cr 2280 Spoti','2019-11-21',750),(751,'Lee','Faith','Road 2280 Parce','2022-07-24',751),(752,'Anderson','Noah','4894 Mor','2019-02-26',752),(753,'Nelson','Charlotte','2621 Cuisine','2021-05-16',753),(754,'Jones','Nicolás','3471 Fourth','2019-08-13',754),(755,'Jones','Liam','890 Third','2022-09-10',755),(756,'Brown','Oliver','3753 Ibague','2021-09-22',756),(757,'Johnson','Lucas','2504 Mijo','2020-08-19',757),(758,'Jackson','Ethan','Cr 2880 Magnificent Mile','2019-08-20',758),(759,'Moore','Victoria','1112 Mound St','2021-08-21',759),(760,'Clark','Emma','1805 Colorado','2019-09-11',760),(761,'Pugh','Thiago','747 Urshell','2019-05-09',761),(762,'Gonzalez','Evelyn','124 Topacio','2020-02-18',762),(763,'Martinez','James','1735 Mound St','2019-05-12',763),(764,'White','Lucas','4033 Illinois St','2019-04-08',764),(765,'White','Mia','Cr 3336 Bogota','2021-07-18',765),(766,'Mitchell','Valentina','Road 3336 Chapell Hill','2019-04-08',766),(767,'Lewis','Emma','2622 Melgar','2022-01-06',767),(768,'Mitchell','Mateo','4678 PanaValpo','2021-06-01',768),(769,'Rodriguez','Dylan','4966 Park','2022-03-07',769),(770,'Thompson','Luna','983 Mound St','2019-01-19',770),(771,'Garcia','Noah','1812 LaSalle','2020-05-25',771),(772,'Lee','Catalina','3001 Salento','2020-06-12',772),(773,'Davis','Emma','Cr 4565 Guajira','2020-11-04',773),(774,'Martin','Lucas','875 Fifi','2022-05-13',774),(775,'Walker','Benjamin','1218 LaSalle','2019-07-15',775),(776,'Thomas','Emma','716 Magnificent Mile','2019-01-07',776),(777,'White','Theodore','590 Mijo','2019-01-15',777),(778,'Mitchell','Emma','1944 Topacio','2021-11-27',778),(779,'Martin','Mateo','4951 Mound St','2019-11-10',779),(780,'Lewis','Lucas','Cr 2534 Spoti','2020-01-08',780),(781,'Martinez','Emma','Road 2534 Choconta','2021-08-21',781),(782,'Lewis','Nicolás','1840 Colorado','2021-08-06',782),(783,'Anderson','Noah','2097 LaSalle','2021-01-23',783),(784,'Gutierrez','Mia','3643 Choconta','2019-03-24',784),(785,'Gonzalez','Amaia','569 St monica','2022-01-26',785),(786,'White','Kole','1939 Parce','2019-01-04',786),(787,'Wilson','Aurora','3197 Parce','2022-01-07',787),(788,'Robinson','Amaia','Cr 368 Duki','2022-01-14',788),(789,'Adams','Amelia','4846 Second','2021-08-21',789),(790,'Scott','William','2493 Guajira','2021-01-09',790),(791,'Smith','Santiago','2115 Bogota','2019-02-24',791),(792,'Mitchell','Dylan','3846 Mound St','2021-03-01',792),(793,'Young','Noah','1658 Park','2022-11-23',793),(794,'Martin','Mia','4538 Parce','2022-07-19',794),(795,'Taylor','Mía','Cr 3083 Illinois St','2020-02-08',795),(796,'Allen','Noah','Road 3083 Chapell Hill','2020-11-15',796),(797,'Robinson','Dylan','888 Spoti','2020-06-04',797),(798,'Lee','Ian','3371 Parce','2019-04-27',798),(799,'Ramirez','Valentina','1680 Ibague','2020-09-24',799),(800,'Sanchez','Faith','51 First','2020-03-27',800),(801,'Thompson','Benjamin','1099 Third','2020-06-14',801),(802,'Hall','Oliver','4976 Second','2020-02-07',802),(803,'Nelson','Gianna','Cr 2293 First','2019-05-03',803),(804,'Robinson','Valentina','3510 Choconta','2020-06-09',804),(805,'Jones','Emma','4229 Cazzo','2021-10-03',805),(806,'Johnson','Ian','4395 Guajira','2020-08-09',806),(807,'Brown','Lucas','1032 Cuisine','2019-07-04',807),(808,'Mitchell','Mateo','3151 St monica','2020-06-23',808),(809,'Lewis','Dylan','383 Chapell Hill','2021-10-06',809),(810,'Thompson','Henry','Cr 902 Spoti','2022-01-10',810),(811,'Robinson','Faith','Road 902 Top','2022-01-19',811),(812,'Adams','Noah','4986 Park','2020-01-05',812),(813,'Johnson','Ian','2536 Duki','2021-01-25',813),(814,'Hernandez','Sophia','2820 Bogota','2019-02-09',814),(815,'Lopez','Kole','3041 Guajira','2019-06-09',815),(816,'Harris','Valentina','560 Guajira','2020-03-08',816),(817,'Williams','Sebastián','2506 Cuisine','2020-04-26',817),(818,'Davis','Victoria','Cr 2367 Banat','2022-08-06',818),(819,'Davis','Oliver','2670 Banat','2022-01-24',819),(820,'Campbell','Benjamin','235 Chapell Hill','2020-11-21',820),(821,'Flores','Ian','1668 St monica','2021-10-25',821),(822,'Baker','Mia','4503 St monica','2021-08-13',822),(823,'Allen','Liam','1561 Park','2021-05-06',823),(824,'Nguyen','Emma','4095 Bogota','2019-11-04',824),(825,'Williams','Aurora','Cr 2456 Chapell Hill','2021-02-05',825),(826,'Wright','Benjamin','Road 2456 Mijo','2019-06-01',826),(827,'Taylor','James','258 Magnificent Mile','2022-09-01',827),(828,'Taylor','Thiago','3808 Magnificent Mile','2019-04-17',828),(829,'Pugh','William','2380 Cuisine','2021-11-18',829),(830,'Torres','Evelyn','4171 Park','2021-11-06',830),(831,'Hill','Gianna','3024 Park','2022-11-25',831),(832,'Martinez','Liam','3967 St monica','2019-05-22',832),(833,'Allen','Evelyn','Cr 4122 First','2021-03-01',833),(834,'Carter','Sebastián','2833 Second','2021-01-14',834),(835,'Brown','Dylan','4374 LaSalle','2022-01-14',835),(836,'Torres','Mia','654 Fifi','2021-01-17',836),(837,'Lewis','Lucas','506 Melgar','2021-05-15',837),(838,'Mitchell','Henry','4316 Cazzo','2020-10-18',838),(839,'Lee','Emma','3591 Duki','2019-08-07',839),(840,'Young','Sebastián','Cr 2761 Spoti','2019-01-24',840),(841,'Martin','Ethan','Road 2761 Bogota','2019-02-01',841),(842,'Lee','Noah','220 St monica','2020-10-07',842),(843,'Williams','Dylan','3894 First','2021-05-23',843),(844,'White','Emma','4494 Guajira','2019-03-02',844),(845,'Miller','Emma','3503 Top','2019-03-23',845),(846,'Scott','Benjamin','3705 Choconta','2022-01-03',846),(847,'Young','Dylan','980 Magnificent Mile','2022-11-20',847),(848,'Gutierrez','Ian','Cr 155 Ibague','2019-04-01',848),(849,'Mitchell','Henry','1658 Top','2022-01-26',849),(850,'Perez','Sophia','1733 Top','2022-05-11',850),(851,'Walker','Gianna','3317 First','2021-05-17',851),(852,'Hill','Lucas','3149 Park','2020-11-23',852),(853,'Carter','Gianna','3092 Fourth','2020-03-10',853),(854,'Flores','Benjamin','1749 Spoti','2020-08-06',854),(855,'Rodriguez','James','Cr 708 Melgar','2022-07-03',855),(856,'Perez','Amaia','Road 708 Salento','2020-09-21',856),(857,'Nelson','Ian','2221 Duki','2019-10-14',857),(858,'Scott','Isabella','367 Parce','2021-01-06',858),(859,'Scott','Theodore','708 Banat','2021-05-04',859),(860,'Sanchez','Catalina','36 Magnificent Mile','2022-02-08',860),(861,'Carter','Ethan','2047 Park','2021-02-24',861),(862,'Nelson','Lucas','1700 Parce','2021-02-23',862),(863,'Green','Oliver','Cr 4042 Mor','2021-10-26',863),(864,'Clark','Emma','77 St monica','2019-02-14',864),(865,'Sanchez','Henry','4055 Choconta','2021-02-15',865),(866,'Sanchez','Theodore','660 Fourth','2021-06-21',866),(867,'Sanchez','Benjamin','4960 Urshell','2022-02-24',867),(868,'Hall','Luna','3045 Second','2020-07-14',868),(869,'Scott','Noah','3321 Second','2020-03-25',869),(870,'Martinez','Noah','Cr 1521 Cazzo','2020-03-08',870),(871,'King','Lucas','Road 1521 Fifi','2020-11-03',871),(872,'Ramirez','Thiago','2834 Melgar','2020-03-01',872),(873,'Wright','Noah','1383 Mijo','2019-03-22',873),(874,'King','Elijah','866 Salento','2019-07-05',874),(875,'Wright','William','2251 WhiskyTumaco','2020-01-06',875),(876,'Thompson','Lucas','4165 Guajira','2020-10-18',876),(877,'Miller','Amaia','3238 Guajira','2021-05-18',877),(878,'Roberts','Isabella','Cr 557 Banat','2020-01-13',878),(879,'Scott','Gianna','201 Mor','2021-08-22',879),(880,'Robinson','Liam','3694 LaSalle','2021-07-10',880),(881,'Wright','Isabella','2789 Chapell Hill','2019-10-03',881),(882,'Campbell','Elijah','3433 Salento','2020-08-09',882),(883,'Clark','Mía','817 Second','2019-08-13',883),(884,'Jones','Milena','4687 St monica','2019-01-26',884),(885,'Thompson','Victoria','Cr 2623 LaSalle','2020-09-26',885),(886,'Roberts','Lucas','Road 2623 Salento','2020-01-21',886),(887,'Nelson','Lucas','4681 Mound St','2019-02-22',887),(888,'Wilson','Aurora','2197 Third','2019-05-11',888),(889,'Scott','Ava','1735 Duki','2022-07-05',889),(890,'Flores','Nicolás','3846 First','2020-02-01',890),(891,'Rodriguez','James','2293 Banat','2020-05-06',891),(892,'Harris','Noah','557 First','2021-04-08',892),(893,'Davis','Olivia','Cr 2870 Cuisine','2021-01-20',893),(894,'Robinson','James','3881 WhiskyTumaco','2019-01-16',894),(895,'White','Liam','1510 Second','2019-03-25',895),(896,'Allen','Emma','4345 Cuisine','2020-06-20',896),(897,'Young','Olivia','2221 Third','2019-07-15',897),(898,'Brown','Emma','2632 Illinois St','2021-10-13',898),(899,'Hernandez','Liam','2028 Cazzo','2020-08-14',899),(900,'Ramirez','Liam','Cr 249 Banat','2019-01-01',900),(901,'Mitchell','Kole','Road 249 Magnificent Mile','2022-03-18',901),(902,'White','Ian','4849 Magnificent Mile','2022-02-11',902),(903,'Lee','Noah','2369 Spoti','2021-03-24',903),(904,'Mitchell','Noah','4268 Fifi','2021-08-17',904),(905,'Carter','Gianna','3051 PanaValpo','2019-09-06',905),(906,'Nguyen','Evelyn','4564 Park','2022-06-07',906),(907,'Martinez','Mia','4187 Bogota','2019-08-18',907),(908,'King','Olivia','Cr 629 Mor','2020-02-12',908),(909,'Hernandez','Henry','4382 Bogota','2019-10-01',909),(910,'Perez','Sophia','4854 WhiskyTumaco','2022-01-06',910),(911,'Lewis','Isabella','4770 Chapell Hill','2019-06-06',911),(912,'Garcia','Theodore','143 Banat','2021-07-23',912),(913,'Gonzalez','Mía','4027 Choconta','2022-03-17',913),(914,'Bargwell','Olivia','3647 Mijo','2019-07-15',914),(915,'Harris','Isabella','Cr 1080 Guajira','2020-09-08',915),(916,'Roberts','Henry','Road 1080 Top','2022-08-26',916),(917,'Adams','Mia','4566 Mor','2020-03-14',917),(918,'Brown','Emma','2395 Colorado','2021-02-19',918),(919,'Jackson','Sophia','3142 PanaValpo','2020-03-12',919),(920,'Hall','Ava','4428 Fourth','2020-09-12',920),(921,'Lewis','James','2564 LaSalle','2021-06-25',921),(922,'Rivera','Charlotte','1776 Third','2020-01-24',922),(923,'Baker','Catalina','Cr 4284 WhiskyTumaco','2020-04-22',923),(924,'Allen','Mía','957 Parce','2020-08-05',924),(925,'Lewis','Aurora','4061 Parce','2020-02-10',925),(926,'Nelson','Liam','3157 Ibague','2020-06-26',926),(927,'Johnson','Thiago','1189 St monica','2019-01-13',927),(928,'Jones','Emma','4351 Fifi','2022-02-23',928),(929,'Campbell','Faith','332 Guajira','2021-07-10',929),(930,'White','Noah','Cr 4208 Cazzo','2022-04-10',930),(931,'Carter','Luna','Road 4208 Third','2022-07-12',931),(932,'Garcia','Gianna','2878 St monica','2022-07-08',932),(933,'Gonzalez','Elijah','4269 Mor','2019-05-18',933),(934,'Perez','Isabella','1094 Third','2019-05-10',934),(935,'Sanchez','Thiago','4692 Mijo','2022-08-27',935),(936,'Lopez','Charlotte','3288 Banat','2022-11-17',936),(937,'Robinson','Emma','2336 Third','2022-06-13',937),(938,'Anderson','Emma','Cr 1755 Colorado','2019-07-15',938),(939,'Martinez','Amaia','3260 Fourth','2019-05-03',939),(940,'Thomas','Evelyn','1619 PanaValpo','2020-10-15',940),(941,'Gonzalez','Henry','822 Bogota','2020-02-20',941),(942,'Thompson','Mateo','1313 Guajira','2021-09-03',942),(943,'Gonzalez','Dylan','2388 Fifi','2021-03-03',943),(944,'Wright','Mía','2006 Urshell','2021-10-21',944),(945,'Carter','Aurora','Cr 4121 Fourth','2020-03-16',945),(946,'Gonzalez','Ian','Road 4121 Duki','2021-10-07',946),(947,'Ramirez','Nicolás','1940 Magnificent Mile','2022-01-11',947),(948,'King','Ava','4943 Topacio','2021-07-26',948),(949,'Bargwell','Kole','2854 LaSalle','2021-03-12',949),(950,'Baker','Sebastián','1439 First','2019-08-05',950),(951,'Sanchez','Sophia','735 Banat','2021-11-18',951),(952,'Baker','Sebastián','2881 Mijo','2021-01-22',952),(953,'Allen','Kole','Cr 903 PanaValpo','2019-01-14',953),(954,'Gonzalez','Benjamin','3224 PanaValpo','2020-01-25',954),(955,'Anderson','Elijah','3759 Melgar','2019-05-11',955),(956,'Garcia','Henry','2338 Park','2019-05-17',956),(957,'Wilson','Ian','1239 Choconta','2019-05-24',957),(958,'Gonzalez','Thiago','4806 Fourth','2020-08-02',958),(959,'Pugh','Amelia','2523 First','2020-02-03',959),(960,'Adams','Liam','Cr 4293 Mijo','2020-03-05',960),(961,'Harris','Luna','Road 4293 PanaValpo','2020-01-15',961),(962,'Martinez','Faith','2367 Magnificent Mile','2019-03-17',962),(963,'Lewis','Lucas','1127 Park','2019-09-13',963),(964,'Adams','Sebastián','3227 PanaValpo','2019-10-19',964),(965,'Davis','Emma','2077 Fourth','2019-02-09',965),(966,'Nelson','William','3505 Mor','2022-08-17',966),(967,'Moore','Theodore','479 Duki','2022-02-25',967),(968,'Hall','William','Cr 289 Mijo','2020-03-06',968),(969,'Nguyen','Liam','3251 Mijo','2020-02-14',969),(970,'Davis','Catalina','4981 Fourth','2020-11-09',970),(971,'Anderson','James','3482 PanaValpo','2019-03-01',971),(972,'Hall','Mía','3904 Bogota','2020-10-20',972),(973,'Garcia','Mateo','431 PanaValpo','2021-04-16',973),(974,'Hill','Liam','2843 Parce','2019-03-21',974),(975,'Campbell','Oliver','Cr 2149 First','2019-03-10',975),(976,'Jackson','Sophia','Road 2149 Parce','2020-01-14',976),(977,'Carter','Sophia','1093 Mound St','2022-06-23',977),(978,'Garcia','Catalina','2628 Banat','2022-06-23',978),(979,'Hernandez','Liam','2851 Mor','2020-11-16',979),(980,'Thompson','Henry','3836 PanaValpo','2021-02-26',980),(981,'Jackson','Luna','4582 Topacio','2022-02-12',981),(982,'Lewis','William','1828 First','2022-01-03',982),(983,'Wright','Olivia','Cr 3530 LaSalle','2022-01-27',983),(984,'Wilson','Liam','1543 Magnificent Mile','2021-10-07',984),(985,'Hill','Gianna','1958 Mor','2021-09-12',985),(986,'Bargwell','Olivia','4402 Duki','2021-09-25',986),(987,'Hernandez','Emma','3126 Choconta','2022-01-01',987),(988,'Clark','Emma','3164 PanaValpo','2019-02-08',988),(989,'Brown','Gianna','3775 Chapell Hill','2020-02-11',989),(990,'Nelson','Ethan','Cr 4431 Bogota','2019-10-02',990),(991,'Pugh','Noah','Road 4431 Colorado','2020-02-19',991),(992,'Nguyen','Catalina','387 Spoti','2019-07-04',992),(993,'Roberts','Lucas','4099 Melgar','2019-10-06',993),(994,'Carter','Ian','4197 Mor','2019-10-02',994),(995,'Harris','Theodore','1120 Urshell','2019-09-08',995),(996,'Thomas','Santiago','4980 Melgar','2022-09-26',996),(997,'Nelson','Isabella','1706 Banat','2019-01-01',997),(998,'Miller','Noah','Cr 4317 Colorado','2019-03-15',998),(999,'Flores','Mia','3186 St monica','2019-09-04',999),(1000,'King','Benjamin','485 Fourth','2019-07-24',1000),(1001,'Lopez','Valentina','1567 Topacio','2019-10-03',1001),(1002,'Hill','Isabella','1818 Duki','2020-09-12',1002),(1003,'Garcia','Henry','175 Fifi','2021-05-23',1003),(1004,'Nelson','Mía','688 Colorado','2022-07-22',1004),(1005,'Flores','Amaia','Cr 419 Salento','2019-11-03',1005),(1006,'Scott','Liam','Road 419 Spoti','2022-01-11',1006),(1007,'Campbell','Luna','104 Mor','2019-08-22',1007),(1008,'Jones','Mía','2643 Urshell','2021-03-26',1008),(1009,'Ramirez','Henry','2231 Parce','2020-04-17',1009),(1010,'Johnson','Luna','1688 Park','2022-11-15',1010),(1011,'Thomas','Ava','4792 Third','2021-09-07',1011),(1012,'Mitchell','Dylan','4174 Topacio','2021-11-03',1012),(1013,'Ramirez','Oliver','Cr 360 Parce','2019-07-27',1013),(1014,'Campbell','Lucas','1911 Third','2021-09-24',1014),(1015,'Williams','Nicolás','337 Magnificent Mile','2022-10-06',1015),(1016,'Perez','Amelia','3090 Third','2019-11-25',1016),(1017,'Wilson','Luna','4761 Melgar','2021-03-16',1017),(1018,'Johnson','Catalina','2327 Duki','2021-09-05',1018),(1019,'Roberts','Nicolás','4180 Cuisine','2019-05-15',1019),(1020,'Clark','Nicolás','Cr 2899 Second','2020-09-12',1020),(1021,'Nguyen','Nicolás','Road 2899 Chapell Hill','2020-01-13',1021),(1022,'Hernandez','Lucas','1496 Mijo','2019-05-13',1022),(1023,'Harris','Victoria','3783 Choconta','2020-01-22',1023),(1024,'Martinez','Henry','1888 Chapell Hill','2022-07-25',1024),(1025,'Hernandez','Olivia','4792 Topacio','2021-08-24',1025),(1026,'Moore','Lucas','3580 WhiskyTumaco','2022-03-09',1026),(1027,'Taylor','Sebastián','3374 Duki','2020-08-04',1027),(1028,'Rodriguez','Faith','Cr 2941 Fourth','2022-11-04',1028),(1029,'Gutierrez','Emma','3230 Mor','2021-07-02',1029),(1030,'Green','Valentina','3623 Park','2022-06-15',1030),(1031,'Scott','Kole','4802 Third','2020-06-16',1031),(1032,'Lewis','Ian','3372 LaSalle','2020-08-04',1032),(1033,'Nelson','Olivia','3571 Top','2020-10-10',1033),(1034,'Roberts','Milena','4056 Duki','2020-01-08',1034),(1035,'King','Aurora','Cr 2827 Bogota','2019-01-03',1035),(1036,'Allen','Santiago','Road 2827 Spoti','2019-04-10',1036),(1037,'Campbell','Santiago','4504 Spoti','2019-09-25',1037),(1038,'Flores','Olivia','2251 Third','2019-08-23',1038),(1039,'Wright','Emma','1207 Mound St','2022-08-24',1039),(1040,'Nelson','Nicolás','244 Illinois St','2019-05-17',1040),(1041,'Gonzalez','Henry','3488 Top','2019-04-09',1041),(1042,'Robinson','James','2288 Salento','2022-10-05',1042),(1043,'Thomas','Gianna','Cr 2262 Illinois St','2019-05-18',1043),(1044,'Allen','Emma','183 Mound St','2022-03-09',1044),(1045,'Brown','Evelyn','1729 WhiskyTumaco','2021-02-20',1045),(1046,'Roberts','Elijah','4459 Fourth','2020-10-02',1046),(1047,'Green','Catalina','1010 Choconta','2019-01-12',1047),(1048,'King','Isabella','2741 Guajira','2021-07-13',1048),(1049,'Hernandez','Oliver','917 Fourth','2021-02-09',1049),(1050,'Hill','Emma','Cr 4212 Chapell Hill','2020-03-18',1050),(1051,'Pugh','Mateo','Road 4212 Banat','2021-01-10',1051),(1052,'Wright','Thiago','3841 Urshell','2022-02-05',1052),(1053,'Sanchez','Elijah','3464 Salento','2021-07-22',1053),(1054,'Lee','Amaia','323 Colorado','2022-06-03',1054),(1055,'Allen','Lucas','963 Colorado','2020-05-06',1055),(1056,'Smith','Santiago','4637 Cazzo','2020-01-05',1056),(1057,'Campbell','Noah','3672 Melgar','2020-05-25',1057),(1058,'Wilson','Mía','Cr 1776 Fourth','2022-03-19',1058),(1059,'Perez','Dylan','204 WhiskyTumaco','2019-11-09',1059),(1060,'Moore','Nicolás','2812 Topacio','2019-08-01',1060),(1061,'Taylor','Charlotte','888 Mijo','2019-11-15',1061),(1062,'Nguyen','Ian','67 Fourth','2020-01-10',1062),(1063,'Garcia','Aurora','2410 Chapell Hill','2022-01-08',1063),(1064,'Lopez','Ethan','3485 Guajira','2022-08-13',1064),(1065,'Martin','Sebastián','Cr 4480 Parce','2021-04-25',1065),(1066,'King','Amelia','Road 4480 Topacio','2019-07-22',1066),(1067,'Mitchell','Oliver','593 LaSalle','2022-02-15',1067),(1068,'Flores','Emma','1619 Spoti','2020-04-23',1068),(1069,'Walker','Elijah','1614 Urshell','2019-04-15',1069),(1070,'Robinson','Isabella','3486 Magnificent Mile','2021-01-03',1070),(1071,'Baker','Luna','2831 Park','2021-02-07',1071),(1072,'Wilson','James','1317 Bogota','2019-03-18',1072),(1073,'Gutierrez','Sophia','Cr 3522 Topacio','2019-10-01',1073),(1074,'Thomas','Dylan','4316 Cuisine','2020-03-21',1074),(1075,'Brown','Henry','3682 Choconta','2022-08-20',1075),(1076,'Rivera','Thiago','1184 LaSalle','2019-03-27',1076),(1077,'Adams','Sebastián','96 Mound St','2019-02-08',1077),(1078,'Wilson','Catalina','3576 Banat','2021-03-08',1078),(1079,'Nguyen','Dylan','3624 Mijo','2019-07-12',1079),(1080,'Green','Benjamin','Cr 1467 First','2020-05-07',1080),(1081,'Harris','Nicolás','Road 1467 WhiskyTumaco','2020-09-05',1081),(1082,'Johnson','Charlotte','1082 Salento','2021-11-19',1082),(1083,'Roberts','Sebastián','1417 Melgar','2019-05-24',1083),(1084,'Jones','Henry','4055 PanaValpo','2022-05-01',1084),(1085,'Rodriguez','Oliver','4730 Third','2019-05-19',1085),(1086,'Martin','Olivia','1503 WhiskyTumaco','2021-05-01',1086),(1087,'Anderson','Oliver','1736 Mound St','2020-04-01',1087),(1088,'Campbell','Gianna','Cr 460 Cazzo','2021-08-15',1088),(1089,'Perez','Oliver','3429 Illinois St','2020-07-17',1089),(1090,'Taylor','Mateo','4915 Top','2022-10-09',1090),(1091,'Thompson','Sophia','3889 Park','2020-11-11',1091),(1092,'Sanchez','Thiago','439 Fourth','2020-07-14',1092),(1093,'Lewis','Lucas','3523 Ibague','2022-01-21',1093),(1094,'Torres','Milena','1296 Chapell Hill','2020-01-17',1094),(1095,'Smith','Noah','Cr 1198 Mor','2021-06-27',1095),(1096,'Miller','Amaia','Road 1198 Bogota','2022-11-09',1096),(1097,'Perez','Milena','4357 Fifi','2019-02-02',1097),(1098,'Martin','Sophia','2775 Guajira','2021-05-19',1098),(1099,'Miller','Nicolás','4524 LaSalle','2022-08-06',1099),(1100,'Harris','Lucas','1344 Ibague','2022-01-04',1100),(1101,'Moore','Charlotte','2199 Fifi','2019-08-17',1101),(1102,'Davis','Henry','2993 Second','2022-03-21',1102),(1103,'Hall','Olivia','Cr 302 Ibague','2020-10-03',1103),(1104,'Sanchez','Mía','166 LaSalle','2020-03-24',1104),(1105,'Jones','Lucas','4321 Top','2021-05-20',1105),(1106,'Scott','Theodore','266 Colorado','2021-09-09',1106),(1107,'Moore','Luna','4728 Magnificent Mile','2021-10-21',1107),(1108,'Harris','Thiago','3415 Second','2020-08-01',1108),(1109,'Nelson','Santiago','4834 Third','2020-03-24',1109),(1110,'King','Olivia','Cr 3489 Bogota','2019-01-04',1110),(1111,'White','Oliver','Road 3489 Mijo','2019-01-02',1111),(1112,'Walker','Gianna','3141 Cuisine','2020-09-19',1112),(1113,'Torres','Ethan','4521 Park','2019-02-05',1113),(1114,'Thomas','Noah','4290 Chapell Hill','2020-05-07',1114),(1115,'Lewis','Elijah','2716 LaSalle','2022-08-03',1115),(1116,'Gonzalez','Elijah','1821 First','2020-11-13',1116),(1117,'Allen','Elijah','2850 Third','2019-01-21',1117),(1118,'King','Theodore','Cr 4409 Park','2019-07-24',1118),(1119,'Wright','Noah','4324 Urshell','2019-03-19',1119),(1120,'Ramirez','Evelyn','2574 Cuisine','2022-08-24',1120),(1121,'Johnson','Victoria','1385 Topacio','2019-03-25',1121),(1122,'Martin','Noah','564 Mijo','2022-01-09',1122),(1123,'Torres','Thiago','1900 PanaValpo','2022-01-25',1123),(1124,'Pugh','Oliver','3552 Guajira','2021-07-12',1124),(1125,'Lee','Nicolás','Cr 4828 Mor','2020-06-24',1125),(1126,'Rodriguez','Luna','Road 4828 Bogota','2022-07-19',1126),(1127,'Taylor','Faith','4865 Park','2022-01-09',1127),(1128,'Hill','William','1990 Salento','2019-10-07',1128),(1129,'Young','Amelia','4794 Illinois St','2019-11-23',1129),(1130,'Pugh','Luna','629 Banat','2021-05-02',1130),(1131,'Perez','Liam','1565 Spoti','2022-05-04',1131),(1132,'Harris','Noah','2570 Cuisine','2020-05-07',1132),(1133,'Carter','Ava','Cr 2262 Second','2021-06-13',1133),(1134,'Carter','Luna','1314 Chapell Hill','2022-09-25',1134),(1135,'Smith','Aurora','4750 Cuisine','2022-04-10',1135),(1136,'Mitchell','Isabella','4178 Magnificent Mile','2022-11-13',1136),(1137,'Lewis','Ethan','1219 Fourth','2020-06-23',1137),(1138,'Clark','Ian','4355 Guajira','2022-06-23',1138),(1139,'Mitchell','Isabella','4763 Bogota','2021-04-01',1139),(1140,'Campbell','Mía','Cr 1196 Banat','2022-07-24',1140),(1141,'Adams','Santiago','Road 1196 Illinois St','2021-04-09',1141),(1142,'Nguyen','Victoria','4660 Third','2020-10-03',1142),(1143,'Pugh','Charlotte','3441 Fourth','2022-03-07',1143),(1144,'Gutierrez','Ethan','2319 Chapell Hill','2021-07-10',1144),(1145,'Wilson','Dylan','4599 Guajira','2021-07-16',1145),(1146,'Lewis','Liam','2158 Melgar','2022-03-27',1146),(1147,'Hill','Aurora','749 Illinois St','2022-08-03',1147),(1148,'Nguyen','Gianna','Cr 1422 LaSalle','2021-02-09',1148),(1149,'Baker','Sophia','96 Parce','2022-10-15',1149),(1150,'Green','Lucas','4506 St monica','2020-04-12',1150),(1151,'Nelson','Milena','4897 Duki','2019-11-20',1151),(1152,'Bargwell','Noah','2993 Cazzo','2020-07-01',1152),(1153,'Robinson','Nicolás','1830 Third','2019-07-02',1153),(1154,'Gonzalez','Milena','1891 Choconta','2020-03-18',1154),(1155,'Brown','Amaia','Cr 470 Mound St','2019-08-17',1155),(1156,'Jones','Gianna','Road 470 Illinois St','2022-08-23',1156),(1157,'Thompson','Liam','105 Urshell','2022-11-22',1157),(1158,'Hall','William','223 Mound St','2020-08-11',1158),(1159,'Walker','Charlotte','424 Melgar','2022-03-12',1159),(1160,'Pugh','Sophia','1185 Urshell','2020-03-07',1160),(1161,'Smith','Charlotte','4730 St monica','2022-02-04',1161),(1162,'Moore','Elijah','3549 Choconta','2019-02-09',1162),(1163,'Anderson','Theodore','Cr 821 Chapell Hill','2022-05-24',1163),(1164,'Hernandez','Amelia','2606 Third','2019-01-13',1164),(1165,'Mitchell','Milena','847 Duki','2020-06-16',1165),(1166,'Pugh','Sophia','465 Magnificent Mile','2022-11-08',1166),(1167,'King','Aurora','2374 Park','2021-08-10',1167),(1168,'Torres','Sophia','4707 Melgar','2022-08-18',1168),(1169,'Hill','Henry','4106 Colorado','2021-05-03',1169),(1170,'Garcia','Milena','Cr 4335 Bogota','2019-09-14',1170),(1171,'Nelson','Mia','Road 4335 Melgar','2021-05-24',1171),(1172,'Walker','William','1593 Illinois St','2020-11-25',1172),(1173,'Hernandez','Henry','4401 Melgar','2022-01-11',1173),(1174,'Flores','Kole','907 Duki','2019-11-20',1174),(1175,'Pugh','Liam','11 Guajira','2020-01-01',1175),(1176,'Roberts','Thiago','1186 Top','2020-09-26',1176),(1177,'Pugh','Milena','3605 Melgar','2022-06-02',1177),(1178,'Lewis','Liam','Cr 163 Melgar','2021-02-22',1178),(1179,'Flores','Mia','1495 Mor','2020-09-22',1179),(1180,'Gutierrez','Noah','4338 First','2021-07-16',1180),(1181,'Hill','Dylan','2501 St monica','2021-01-13',1181),(1182,'Young','Charlotte','4619 Spoti','2020-03-16',1182),(1183,'Lee','Ethan','4574 Urshell','2019-02-24',1183),(1184,'Anderson','Charlotte','3198 Salento','2022-11-19',1184),(1185,'Gutierrez','Emma','Cr 3397 WhiskyTumaco','2020-01-05',1185),(1186,'Mitchell','Emma','Road 3397 Top','2020-01-20',1186),(1187,'Campbell','Gianna','2094 First','2020-07-24',1187),(1188,'Sanchez','Ava','729 LaSalle','2022-06-25',1188),(1189,'Perez','Evelyn','1360 Illinois St','2021-01-06',1189),(1190,'Ramirez','Liam','477 Illinois St','2019-06-15',1190),(1191,'Lewis','Dylan','3763 Ibague','2022-09-10',1191),(1192,'Davis','Santiago','1318 Mijo','2021-06-05',1192),(1193,'Lopez','Milena','Cr 4708 Colorado','2022-04-20',1193),(1194,'Clark','Ian','1162 Magnificent Mile','2021-06-18',1194),(1195,'Walker','Theodore','2920 Parce','2021-03-05',1195),(1196,'Adams','Sebastián','3228 Illinois St','2020-09-04',1196),(1197,'Harris','Dylan','4457 St monica','2019-08-01',1197),(1198,'Scott','James','4901 Salento','2019-06-18',1198),(1199,'Gonzalez','Mia','1688 LaSalle','2020-03-24',1199),(1200,'Hall','Mateo','Cr 4013 First','2019-10-01',1200),(1201,'Rodriguez','Amelia','Road 4013 First','2020-09-07',1201),(1202,'Clark','Valentina','1643 Choconta','2020-11-27',1202),(1203,'Martin','Mateo','334 Park','2021-09-03',1203),(1204,'Lee','Charlotte','1677 Bogota','2022-07-01',1204),(1205,'Young','Mía','1661 Second','2021-01-21',1205),(1206,'King','Mia','4890 Top','2020-03-24',1206),(1207,'Clark','Ian','1567 Bogota','2021-10-11',1207),(1208,'Mitchell','Santiago','Cr 1740 Cuisine','2019-04-11',1208),(1209,'Perez','Lucas','2980 Salento','2020-05-07',1209),(1210,'Gutierrez','Ethan','3712 Cazzo','2021-04-26',1210),(1211,'Roberts','Ava','1194 Melgar','2020-08-22',1211),(1212,'Johnson','Evelyn','4870 Melgar','2020-01-08',1212),(1213,'Green','Dylan','2214 Illinois St','2019-09-27',1213),(1214,'Williams','Sophia','1073 Colorado','2019-01-16',1214),(1215,'Williams','Nicolás','Cr 324 St monica','2021-07-01',1215),(1216,'Miller','Dylan','Road 324 Bogota','2020-07-04',1216),(1217,'Hall','Oliver','4118 Fourth','2022-05-09',1217),(1218,'Nguyen','Ava','2478 Guajira','2020-01-15',1218),(1219,'Nelson','Victoria','4218 Spoti','2020-09-27',1219),(1220,'Wilson','Amaia','3210 PanaValpo','2022-01-26',1220),(1221,'Lee','Gianna','4833 Third','2021-10-07',1221),(1222,'Wilson','Lucas','755 Duki','2019-03-24',1222),(1223,'Rivera','Mateo','Cr 3412 PanaValpo','2021-03-10',1223),(1224,'Perez','Amaia','1293 Melgar','2022-09-12',1224),(1225,'Scott','Lucas','3243 Banat','2019-09-03',1225),(1226,'Gutierrez','Sebastián','580 Park','2022-10-19',1226),(1227,'Anderson','Emma','4944 Fifi','2022-02-16',1227),(1228,'Smith','Emma','1225 Chapell Hill','2021-03-12',1228),(1229,'Jones','William','886 Chapell Hill','2019-04-09',1229),(1230,'Nelson','Faith','Cr 2690 Second','2020-03-11',1230),(1231,'Green','Liam','Road 2690 Colorado','2019-01-08',1231),(1232,'Bargwell','Benjamin','2567 PanaValpo','2022-02-23',1232),(1233,'Flores','Santiago','4495 Spoti','2021-05-06',1233),(1234,'King','Mia','1405 Second','2020-10-06',1234),(1235,'Adams','Noah','2025 Urshell','2021-05-27',1235),(1236,'Rivera','Charlotte','2118 Topacio','2021-05-04',1236),(1237,'White','Emma','3273 Colorado','2019-10-20',1237),(1238,'Anderson','Elijah','Cr 1747 Illinois St','2021-11-15',1238),(1239,'Walker','Charlotte','4346 Mor','2020-04-01',1239),(1240,'Lee','Milena','172 Third','2021-05-02',1240),(1241,'White','Milena','2776 Salento','2022-05-24',1241),(1242,'Adams','Ava','1695 Salento','2020-01-22',1242),(1243,'Wilson','Noah','1636 Spoti','2020-05-12',1243),(1244,'Wilson','Milena','3535 Spoti','2020-03-01',1244),(1245,'Jackson','Amelia','Cr 2672 St monica','2020-07-04',1245),(1246,'Gonzalez','Emma','Road 2672 Spoti','2021-04-07',1246),(1247,'Gutierrez','Lucas','3165 PanaValpo','2020-02-24',1247),(1248,'Scott','Evelyn','253 Fourth','2022-11-14',1248),(1249,'Nguyen','Amaia','4649 Fifi','2022-06-27',1249),(1250,'Roberts','Evelyn','1661 Third','2021-08-23',1250),(1251,'Gutierrez','Mateo','4216 Spoti','2020-04-25',1251),(1252,'Taylor','Mateo','1702 LaSalle','2019-01-12',1252),(1253,'Bargwell','Catalina','Cr 1894 WhiskyTumaco','2019-06-04',1253),(1254,'Carter','Liam','4840 Banat','2022-05-05',1254),(1255,'Smith','Benjamin','4786 Duki','2019-10-25',1255),(1256,'King','Mía','4858 WhiskyTumaco','2020-07-06',1256),(1257,'Clark','Nicolás','1529 Mor','2021-03-05',1257),(1258,'Hernandez','Lucas','1854 Mound St','2019-08-03',1258),(1259,'Carter','Mía','2989 First','2019-07-08',1259),(1260,'Green','Noah','Cr 3485 First','2022-06-10',1260),(1261,'Jackson','Dylan','Road 3485 Fifi','2019-04-04',1261),(1262,'Baker','Sebastián','2690 Second','2021-01-14',1262),(1263,'Thompson','Luna','4031 Park','2022-06-09',1263),(1264,'Thompson','Oliver','4996 Second','2019-04-13',1264),(1265,'Rodriguez','Emma','737 Mor','2021-05-14',1265),(1266,'Wright','Aurora','487 PanaValpo','2022-09-06',1266),(1267,'Perez','Evelyn','1947 Chapell Hill','2021-07-11',1267),(1268,'Walker','Victoria','Cr 1191 Cazzo','2021-05-07',1268),(1269,'Rivera','Lucas','3109 PanaValpo','2021-04-27',1269),(1270,'Adams','Amaia','456 Bogota','2020-11-26',1270),(1271,'Brown','Lucas','2117 Spoti','2022-04-18',1271),(1272,'Harris','Liam','4118 Park','2019-01-09',1272),(1273,'Lee','Liam','144 Melgar','2021-04-07',1273),(1274,'Thomas','Victoria','4338 Chapell Hill','2022-07-07',1274),(1275,'Thompson','Amelia','Cr 1478 Ibague','2019-06-05',1275),(1276,'Rivera','Kole','Road 1478 Fifi','2019-06-18',1276),(1277,'Hall','Gianna','3469 Chapell Hill','2022-01-14',1277),(1278,'White','Noah','4457 Cazzo','2020-06-09',1278),(1279,'Pugh','Ava','468 Mound St','2021-01-14',1279),(1280,'Campbell','Emma','3184 Melgar','2020-10-21',1280),(1281,'Lopez','Elijah','3867 Illinois St','2021-09-09',1281),(1282,'Mitchell','Milena','1109 Park','2021-02-17',1282),(1283,'White','Luna','Cr 2269 Second','2021-03-26',1283),(1284,'Rodriguez','Dylan','4395 Fifi','2021-06-16',1284),(1285,'Taylor','Emma','2316 Magnificent Mile','2019-04-24',1285),(1286,'Flores','Faith','4087 Mijo','2021-02-24',1286),(1287,'Thomas','Henry','2667 Cazzo','2020-04-26',1287),(1288,'Flores','Theodore','1006 Top','2020-08-10',1288),(1289,'Davis','Ian','845 Top','2020-03-19',1289),(1290,'Thompson','Faith','Cr 3533 Parce','2019-09-02',1290),(1291,'Scott','Benjamin','Road 3533 Mijo','2019-08-09',1291),(1292,'Rivera','Lucas','2498 WhiskyTumaco','2020-02-12',1292),(1293,'Lee','Luna','3651 Mound St','2019-06-17',1293),(1294,'Robinson','Gianna','3769 Mound St','2020-10-09',1294),(1295,'Harris','Sebastián','4974 Cazzo','2020-05-24',1295),(1296,'Scott','Benjamin','4527 Choconta','2019-02-01',1296),(1297,'Gutierrez','Lucas','2046 Choconta','2020-11-21',1297),(1298,'Lewis','Amelia','Cr 70 Guajira','2021-08-07',1298),(1299,'Hall','Victoria','1096 Park','2021-01-07',1299),(1300,'White','Faith','3198 Mijo','2021-01-09',1300),(1301,'Nguyen','Theodore','1414 Mound St','2022-10-11',1301),(1302,'Gonzalez','Luna','1827 Mijo','2021-02-14',1302),(1303,'Nguyen','Faith','4302 Chapell Hill','2022-11-21',1303),(1304,'Walker','Ian','2555 Spoti','2020-02-07',1304),(1305,'Nelson','Ava','Cr 3497 Fifi','2019-03-19',1305),(1306,'Jones','Amaia','Road 3497 Duki','2020-10-12',1306),(1307,'Lopez','Henry','2164 Park','2019-01-19',1307),(1308,'Robinson','James','2874 Topacio','2022-10-02',1308),(1309,'Torres','Ethan','497 Chapell Hill','2022-01-02',1309),(1310,'Nguyen','Emma','1433 Guajira','2019-10-14',1310),(1311,'Martinez','Faith','1545 Cazzo','2020-07-12',1311),(1312,'Pugh','Charlotte','2914 Bogota','2020-01-06',1312),(1313,'Carter','Liam','Cr 567 PanaValpo','2021-01-02',1313),(1314,'Young','Luna','1732 Urshell','2021-03-11',1314),(1315,'Nguyen','Gianna','2953 Choconta','2021-02-01',1315),(1316,'Nguyen','Santiago','3840 Magnificent Mile','2022-10-11',1316),(1317,'Wright','Oliver','3387 First','2022-07-11',1317),(1318,'White','Noah','1167 Ibague','2021-03-08',1318),(1319,'Ramirez','Faith','4474 Illinois St','2019-01-12',1319),(1320,'Mitchell','Isabella','Cr 1938 Mound St','2020-08-17',1320),(1321,'Gonzalez','Mia','Road 1938 WhiskyTumaco','2021-04-15',1321),(1322,'Bargwell','Gianna','4439 Bogota','2019-05-22',1322),(1323,'Brown','Sophia','3295 Second','2021-01-27',1323),(1324,'King','Lucas','131 Illinois St','2019-03-05',1324),(1325,'Perez','Luna','716 Fourth','2019-11-14',1325),(1326,'Baker','Noah','1064 PanaValpo','2022-01-11',1326),(1327,'King','Valentina','3185 Parce','2022-05-15',1327),(1328,'Martinez','Ian','Cr 1327 Bogota','2019-01-25',1328),(1329,'Carter','Noah','3122 Third','2019-01-02',1329),(1330,'Mitchell','Thiago','4846 Second','2020-10-10',1330),(1331,'Robinson','Dylan','2854 Banat','2019-06-19',1331),(1332,'Torres','Nicolás','4115 Illinois St','2020-11-12',1332),(1333,'Martinez','Liam','3206 Ibague','2019-05-08',1333),(1334,'Campbell','Milena','1710 Ibague','2019-03-22',1334),(1335,'Bargwell','Evelyn','Cr 3646 Urshell','2019-07-14',1335),(1336,'Martinez','Isabella','Road 3646 Mor','2021-11-13',1336),(1337,'Robinson','Faith','2371 First','2021-03-12',1337),(1338,'Gutierrez','William','4879 Illinois St','2020-11-02',1338),(1339,'Roberts','Santiago','1485 Top','2019-11-13',1339),(1340,'Davis','Amaia','3012 Parce','2019-06-25',1340),(1341,'Scott','Luna','4528 Fifi','2022-05-02',1341),(1342,'Hall','Santiago','2738 First','2020-07-09',1342),(1343,'Hill','Dylan','Cr 3446 Spoti','2020-02-12',1343),(1344,'Rivera','Ian','4157 Fifi','2021-06-15',1344),(1345,'Garcia','Evelyn','4808 Guajira','2019-04-19',1345),(1346,'Johnson','Mia','3573 Topacio','2022-08-14',1346),(1347,'Carter','Sophia','868 Choconta','2020-08-01',1347),(1348,'Roberts','Evelyn','1936 Illinois St','2021-04-27',1348),(1349,'Scott','Gianna','3862 Illinois St','2019-02-15',1349),(1350,'Torres','Kole','Cr 4263 Illinois St','2019-10-25',1350),(1351,'Roberts','Aurora','Road 4263 Cazzo','2019-06-22',1351),(1352,'Wright','Sophia','3420 Ibague','2019-11-06',1352),(1353,'Lopez','Valentina','2102 Bogota','2020-03-24',1353),(1354,'Pugh','Liam','4350 Fourth','2022-02-14',1354),(1355,'Gutierrez','Thiago','4406 Parce','2021-08-02',1355),(1356,'Young','Emma','2577 Salento','2020-01-12',1356),(1357,'Lee','Ava','273 Spoti','2019-07-21',1357),(1358,'Rodriguez','Benjamin','Cr 865 Choconta','2021-03-02',1358),(1359,'Martinez','Charlotte','256 Third','2022-06-14',1359),(1360,'Hall','Mía','1315 Bogota','2021-05-25',1360),(1361,'Gonzalez','Luna','3618 Bogota','2021-05-22',1361),(1362,'Flores','Olivia','3552 Illinois St','2019-01-26',1362),(1363,'Hall','Lucas','4277 Second','2020-01-22',1363),(1364,'Anderson','Kole','4872 Melgar','2021-10-18',1364),(1365,'Harris','Lucas','Cr 2725 Third','2020-03-20',1365),(1366,'Sanchez','Nicolás','Road 2725 Spoti','2020-07-20',1366),(1367,'Nelson','Evelyn','1394 Magnificent Mile','2022-06-06',1367),(1368,'White','Oliver','4505 Choconta','2019-07-24',1368),(1369,'Lee','Theodore','2388 Cazzo','2019-07-20',1369),(1370,'Walker','Liam','4505 Park','2021-05-11',1370),(1371,'Wright','Mia','4610 Guajira','2022-11-01',1371),(1372,'White','Elijah','1617 Melgar','2021-02-24',1372),(1373,'Sanchez','Amelia','Cr 3519 Guajira','2022-11-05',1373),(1374,'Garcia','Mateo','4572 Second','2019-02-01',1374),(1375,'Young','Ian','1701 Duki','2020-03-21',1375),(1376,'Anderson','Luna','1968 First','2021-11-20',1376),(1377,'Adams','Milena','4274 Illinois St','2020-08-04',1377),(1378,'Lewis','Luna','4454 Mound St','2021-01-11',1378),(1379,'Ramirez','Mía','2689 Cazzo','2020-04-12',1379),(1380,'Scott','James','Cr 4937 WhiskyTumaco','2021-07-18',1380),(1381,'Hill','Elijah','Road 4937 Ibague','2019-03-18',1381),(1382,'Pugh','Luna','4505 PanaValpo','2019-02-20',1382),(1383,'Wright','Benjamin','3466 Mijo','2019-01-08',1383),(1384,'Clark','Mateo','2783 Parce','2019-01-25',1384),(1385,'Lee','Mateo','4462 Mor','2022-07-15',1385),(1386,'Martinez','Sebastián','674 Spoti','2019-07-05',1386),(1387,'Green','Nicolás','3504 Fourth','2019-09-05',1387),(1388,'Green','Liam','Cr 2951 Spoti','2020-11-03',1388),(1389,'Miller','Liam','889 Magnificent Mile','2019-04-07',1389),(1390,'Martinez','William','3236 Magnificent Mile','2021-03-24',1390),(1391,'Smith','Sophia','2839 Urshell','2020-06-06',1391),(1392,'Robinson','Amelia','324 Mound St','2020-03-03',1392),(1393,'Rivera','Valentina','2211 Topacio','2019-05-01',1393),(1394,'Nelson','Liam','3187 Park','2020-07-17',1394),(1395,'Hill','Isabella','Cr 4786 LaSalle','2022-09-10',1395),(1396,'Harris','Aurora','Road 4786 Parce','2021-04-26',1396),(1397,'Moore','Lucas','81 Third','2020-11-17',1397),(1398,'Flores','Sebastián','1028 Fourth','2022-08-14',1398),(1399,'Pugh','Valentina','1209 Banat','2020-08-27',1399),(1400,'Green','Benjamin','2991 Illinois St','2022-08-24',1400),(1401,'Hill','Elijah','4023 Parce','2021-05-14',1401),(1402,'Scott','Lucas','1808 Parce','2022-04-09',1402),(1403,'Lewis','Ethan','Cr 2679 Cuisine','2022-05-13',1403),(1404,'Wright','Mateo','2729 Cazzo','2022-01-02',1404),(1405,'Davis','Evelyn','1309 Park','2021-09-15',1405),(1406,'Harris','Faith','3052 Duki','2019-03-08',1406),(1407,'Roberts','Olivia','2718 Bogota','2019-04-14',1407),(1408,'Jones','Sebastián','4491 Magnificent Mile','2022-07-03',1408),(1409,'Flores','Aurora','1898 First','2020-05-09',1409),(1410,'Davis','Noah','Cr 2644 Salento','2021-07-21',1410),(1411,'Jones','Theodore','Road 2644 Top','2019-01-05',1411),(1412,'Robinson','Luna','4398 Mor','2019-07-01',1412),(1413,'Nguyen','Charlotte','1400 Guajira','2021-06-26',1413),(1414,'Thompson','Gianna','4010 Spoti','2021-02-22',1414),(1415,'White','Aurora','3232 Topacio','2019-01-26',1415),(1416,'Young','Kole','3484 Fifi','2020-07-14',1416),(1417,'Davis','Amaia','38 Melgar','2021-01-18',1417),(1418,'Jones','Benjamin','Cr 3844 First','2020-01-13',1418),(1419,'Martin','Emma','582 Melgar','2019-09-19',1419),(1420,'Garcia','Ian','32 Mijo','2020-08-13',1420),(1421,'Green','Lucas','2402 Urshell','2022-02-18',1421),(1422,'Wilson','Gianna','4827 Second','2022-01-18',1422),(1423,'Martinez','Mia','1114 Duki','2022-02-15',1423),(1424,'Wright','Aurora','3146 Second','2022-09-24',1424),(1425,'Gutierrez','Milena','Cr 4999 Spoti','2020-07-05',1425),(1426,'Torres','Evelyn','Road 4999 Banat','2020-02-08',1426),(1427,'Martin','Milena','4138 Guajira','2019-05-15',1427),(1428,'Bargwell','Sophia','4285 Banat','2019-01-06',1428),(1429,'Adams','William','1141 Spoti','2019-02-09',1429),(1430,'Moore','Oliver','1109 Salento','2022-01-03',1430),(1431,'Nelson','Amelia','2972 Fifi','2019-09-04',1431),(1432,'Hall','Catalina','1531 Salento','2019-01-11',1432),(1433,'King','Nicolás','Cr 1429 Spoti','2022-11-22',1433),(1434,'Campbell','Isabella','411 Illinois St','2022-03-23',1434),(1435,'Nelson','Aurora','3540 Melgar','2019-02-18',1435),(1436,'Jones','Victoria','2631 Fourth','2019-11-17',1436),(1437,'Martinez','Theodore','4614 Colorado','2019-01-07',1437),(1438,'Baker','Lucas','4811 Banat','2021-03-16',1438),(1439,'Allen','Luna','1839 Cazzo','2022-01-09',1439),(1440,'Wright','Oliver','Cr 458 Spoti','2022-02-07',1440),(1441,'Clark','Luna','Road 458 Mound St','2022-03-10',1441),(1442,'Wright','Lucas','16 WhiskyTumaco','2019-09-12',1442),(1443,'Johnson','Lucas','535 Urshell','2022-04-17',1443),(1444,'Clark','Noah','4197 Topacio','2019-11-26',1444),(1445,'Wilson','Lucas','798 Mound St','2021-01-03',1445),(1446,'Rodriguez','William','4417 PanaValpo','2019-02-09',1446),(1447,'Taylor','Sebastián','2054 Cuisine','2021-03-04',1447),(1448,'Clark','Gianna','Cr 2451 Cazzo','2022-10-27',1448),(1449,'Wright','Noah','162 Top','2019-09-03',1449),(1450,'Robinson','Ian','1693 Parce','2019-04-16',1450),(1451,'Hill','Isabella','860 Fifi','2020-09-22',1451),(1452,'Robinson','Lucas','336 Mound St','2022-05-25',1452),(1453,'Jones','Liam','1260 Urshell','2019-04-13',1453),(1454,'Hill','Oliver','674 Salento','2020-08-08',1454),(1455,'Young','Noah','Cr 2805 Cazzo','2021-09-04',1455),(1456,'Mitchell','Luna','Road 2805 Fourth','2020-08-04',1456),(1457,'Moore','Santiago','4582 Topacio','2021-05-01',1457),(1458,'Scott','Amaia','1150 LaSalle','2019-06-06',1458),(1459,'Hernandez','Sophia','1259 PanaValpo','2022-09-24',1459),(1460,'Pugh','Luna','1533 Fifi','2019-07-20',1460),(1461,'Anderson','Elijah','2607 Banat','2022-01-15',1461),(1462,'White','Dylan','2241 Magnificent Mile','2019-11-22',1462),(1463,'Thomas','Ian','Cr 1101 Mor','2022-05-09',1463),(1464,'Wright','Luna','1372 Bogota','2022-05-20',1464),(1465,'Johnson','Faith','2897 Melgar','2021-06-06',1465),(1466,'White','Santiago','1612 Urshell','2019-04-13',1466),(1467,'Thompson','Aurora','1082 Urshell','2019-01-21',1467),(1468,'Gutierrez','Olivia','3302 Parce','2022-07-07',1468),(1469,'Allen','Milena','4942 Fourth','2022-11-14',1469),(1470,'Garcia','Liam','Cr 1325 Park','2021-11-01',1470),(1471,'Adams','Kole','Road 1325 Magnificent Mile','2021-04-03',1471),(1472,'Scott','Lucas','438 Mijo','2020-02-14',1472),(1473,'Allen','Emma','1590 Second','2022-10-15',1473),(1474,'Ramirez','Charlotte','4663 WhiskyTumaco','2021-08-21',1474),(1475,'Campbell','Liam','1330 St monica','2020-04-25',1475),(1476,'Green','Mía','3988 LaSalle','2020-08-26',1476),(1477,'Lewis','Lucas','1945 Topacio','2021-07-26',1477),(1478,'Nguyen','Luna','Cr 1281 Bogota','2021-10-01',1478),(1479,'Nguyen','Luna','721 Banat','2021-07-09',1479),(1480,'Moore','Faith','3667 Bogota','2019-09-24',1480),(1481,'Moore','Henry','805 Bogota','2021-07-25',1481),(1482,'Johnson','Santiago','3120 Chapell Hill','2019-08-15',1482),(1483,'Lewis','Mateo','3669 Fourth','2022-06-24',1483),(1484,'Clark','Nicolás','4806 Mor','2021-01-27',1484),(1485,'Smith','Luna','Cr 580 Second','2019-04-23',1485),(1486,'Nelson','Olivia','Road 580 Mound St','2019-05-22',1486),(1487,'Flores','Nicolás','4101 Cuisine','2022-07-21',1487),(1488,'Pugh','Luna','3833 Guajira','2020-10-25',1488),(1489,'Jones','Charlotte','3382 LaSalle','2019-01-23',1489),(1490,'Davis','Emma','2256 Mound St','2022-09-04',1490),(1491,'Rivera','Ian','48 Top','2019-06-04',1491),(1492,'Ramirez','Noah','926 Urshell','2022-01-20',1492),(1493,'Moore','Nicolás','Cr 2838 Duki','2020-01-13',1493),(1494,'Davis','Luna','1572 Banat','2022-09-06',1494),(1495,'Gonzalez','Oliver','516 Salento','2020-10-22',1495),(1496,'Davis','Luna','1809 Second','2021-01-08',1496),(1497,'Brown','Mia','1494 Banat','2022-01-26',1497),(1498,'Harris','William','1382 PanaValpo','2022-11-23',1498),(1499,'Pugh','Henry','2630 Cazzo','2021-01-20',1499),(1500,'Harris','Emma','Cr 327 Illinois St','2021-03-21',1500),(1501,'Green','Ava','Road 327 WhiskyTumaco','2020-04-22',1501),(1502,'Garcia','Oliver','1283 WhiskyTumaco','2019-01-23',1502),(1503,'Lee','Sophia','385 WhiskyTumaco','2020-06-26',1503),(1504,'Davis','Henry','1372 LaSalle','2021-11-17',1504),(1505,'Moore','Elijah','2895 Second','2020-08-13',1505),(1506,'Rivera','Theodore','4914 Mijo','2022-11-02',1506),(1507,'Martin','Sebastián','2789 Melgar','2022-01-01',1507),(1508,'Sanchez','Amaia','Cr 248 Cazzo','2019-01-27',1508),(1509,'Bargwell','Amelia','572 Cuisine','2021-09-11',1509),(1510,'Young','Oliver','3153 Ibague','2019-02-27',1510),(1511,'Gutierrez','Charlotte','867 Topacio','2020-02-17',1511),(1512,'Green','Dylan','472 Illinois St','2022-01-16',1512),(1513,'Carter','Emma','1398 Cuisine','2021-03-27',1513),(1514,'Robinson','Lucas','900 Urshell','2020-09-18',1514),(1515,'Johnson','Santiago','Cr 2670 Salento','2019-01-06',1515),(1516,'Scott','Amelia','Road 2670 Topacio','2019-09-25',1516),(1517,'Jones','Isabella','169 Fifi','2022-07-01',1517),(1518,'Young','Sophia','4848 PanaValpo','2020-11-15',1518),(1519,'Carter','Catalina','3267 Bogota','2022-06-19',1519),(1520,'Hernandez','Emma','4658 Duki','2020-09-02',1520),(1521,'Clark','Oliver','1119 Mijo','2021-02-17',1521),(1522,'Robinson','James','607 Bogota','2020-11-06',1522),(1523,'Johnson','Milena','Cr 3310 Spoti','2022-09-15',1523),(1524,'Thompson','Ian','3834 Ibague','2022-08-27',1524),(1525,'Taylor','Faith','2576 Banat','2021-01-02',1525),(1526,'Nguyen','Olivia','4368 Parce','2022-01-27',1526),(1527,'Moore','Emma','626 WhiskyTumaco','2019-01-01',1527),(1528,'Jackson','Emma','1250 Mound St','2022-08-24',1528),(1529,'Jones','Lucas','308 Fourth','2021-01-02',1529),(1530,'Brown','Amaia','Cr 3360 St monica','2019-09-23',1530),(1531,'Jones','Mateo','Road 3360 First','2020-06-19',1531),(1532,'Harris','Amelia','1662 First','2022-10-17',1532),(1533,'Moore','Noah','18 First','2020-07-09',1533),(1534,'Rivera','Isabella','3716 Guajira','2021-04-06',1534),(1535,'Baker','Evelyn','2616 Mijo','2021-11-25',1535),(1536,'King','Liam','2736 Chapell Hill','2022-08-03',1536),(1537,'Taylor','Emma','1218 Third','2022-01-25',1537),(1538,'Lopez','Ian','Cr 4253 Cazzo','2019-11-23',1538),(1539,'Thomas','Amaia','510 Ibague','2022-01-23',1539),(1540,'Jackson','Thiago','197 Cuisine','2020-01-09',1540),(1541,'Wright','Elijah','4153 Guajira','2019-11-06',1541),(1542,'Torres','Benjamin','414 St monica','2022-11-18',1542),(1543,'Mitchell','Santiago','3861 Parce','2020-11-03',1543),(1544,'Bargwell','Oliver','2714 Guajira','2022-08-06',1544),(1545,'Sanchez','Kole','Cr 2743 Ibague','2019-05-08',1545),(1546,'Martin','Emma','Road 2743 Spoti','2022-01-01',1546),(1547,'Thomas','Liam','3153 Illinois St','2021-11-05',1547),(1548,'Allen','James','3409 Spoti','2022-10-17',1548),(1549,'Flores','Thiago','1458 Top','2020-05-08',1549),(1550,'Williams','Ethan','796 PanaValpo','2022-10-26',1550),(1551,'Flores','Henry','2206 Cuisine','2021-02-25',1551),(1552,'Mitchell','Aurora','2019 Salento','2020-08-05',1552),(1553,'Nguyen','Luna','Cr 2504 Park','2019-08-04',1553),(1554,'Campbell','Noah','727 WhiskyTumaco','2020-07-24',1554),(1555,'Sanchez','Elijah','481 Bogota','2019-01-25',1555),(1556,'Bargwell','Milena','225 Top','2020-08-25',1556),(1557,'Thomas','Noah','1922 Fifi','2021-04-20',1557),(1558,'Rodriguez','Nicolás','3859 Parce','2021-04-10',1558),(1559,'Lewis','Kole','437 First','2020-06-11',1559),(1560,'Johnson','Charlotte','Cr 2177 Cuisine','2021-11-08',1560),(1561,'Johnson','Valentina','Road 2177 Colorado','2022-03-01',1561),(1562,'Thompson','Amaia','4814 Mijo','2020-08-02',1562),(1563,'Green','Faith','4080 Mijo','2019-05-24',1563),(1564,'Campbell','Mia','4788 Topacio','2022-06-01',1564),(1565,'Lee','Mia','4848 Topacio','2019-10-17',1565),(1566,'Scott','Gianna','4960 Cazzo','2021-11-09',1566),(1567,'Brown','William','1978 Salento','2019-10-09',1567),(1568,'Johnson','Evelyn','Cr 2791 Guajira','2019-08-21',1568),(1569,'Rivera','Kole','1081 Chapell Hill','2021-08-04',1569),(1570,'Torres','Isabella','3189 Melgar','2019-03-01',1570),(1571,'Moore','Benjamin','712 Magnificent Mile','2022-01-09',1571),(1572,'Gutierrez','Liam','3294 LaSalle','2021-08-05',1572),(1573,'Williams','Luna','2012 St monica','2021-07-26',1573),(1574,'Thompson','Gianna','4144 Fifi','2022-04-06',1574),(1575,'Flores','Mía','Cr 4059 Spoti','2019-02-25',1575),(1576,'Young','Faith','Road 4059 WhiskyTumaco','2022-03-18',1576),(1577,'Lewis','Ethan','1773 PanaValpo','2022-03-02',1577),(1578,'Nguyen','Luna','4566 Urshell','2019-10-11',1578),(1579,'Wright','Victoria','3536 Mor','2020-08-04',1579),(1580,'Wright','Dylan','3433 PanaValpo','2019-01-08',1580),(1581,'Scott','Mateo','2100 LaSalle','2021-10-26',1581),(1582,'Walker','Thiago','189 Parce','2021-10-10',1582),(1583,'Clark','Henry','Cr 2088 Mor','2021-08-25',1583),(1584,'Jackson','Ava','998 Magnificent Mile','2022-03-09',1584),(1585,'Garcia','Dylan','1529 LaSalle','2022-09-08',1585),(1586,'Walker','Elijah','4173 Ibague','2022-04-09',1586),(1587,'Wright','Theodore','1332 Banat','2022-06-05',1587),(1588,'Rivera','Liam','83 First','2020-11-11',1588),(1589,'Thompson','Gianna','3502 Top','2022-11-13',1589),(1590,'Mitchell','Oliver','Cr 882 Ibague','2020-08-12',1590),(1591,'Carter','Ian','Road 882 Parce','2020-02-14',1591),(1592,'Lopez','Olivia','4971 Bogota','2022-03-22',1592),(1593,'Scott','Noah','1064 Guajira','2020-07-26',1593),(1594,'Adams','Noah','4875 Choconta','2021-02-27',1594),(1595,'Hill','Oliver','2185 Parce','2020-10-27',1595),(1596,'Jones','Sophia','1225 Cazzo','2022-07-25',1596),(1597,'Davis','Noah','995 Fourth','2022-06-01',1597),(1598,'Wilson','Milena','Cr 153 Spoti','2019-11-26',1598),(1599,'Baker','Thiago','2064 Colorado','2022-01-07',1599),(1600,'Gonzalez','Sebastián','3258 Illinois St','2019-09-18',1600),(1601,'Harris','Emma','632 Park','2019-02-01',1601),(1602,'Martinez','Oliver','1084 St monica','2019-06-05',1602),(1603,'Roberts','Liam','2659 First','2022-03-05',1603),(1604,'Williams','Ian','3991 First','2021-08-01',1604),(1605,'Walker','Catalina','Cr 3394 Spoti','2019-01-23',1605),(1606,'Lee','Oliver','Road 3394 St monica','2021-11-03',1606),(1607,'Flores','Santiago','1797 First','2022-07-02',1607),(1608,'Pugh','Ava','2388 Duki','2019-11-01',1608),(1609,'Rodriguez','Emma','3791 Mor','2020-01-26',1609),(1610,'Taylor','Elijah','2803 Third','2022-04-15',1610),(1611,'Allen','Mateo','2088 Top','2020-06-16',1611),(1612,'Davis','Kole','1799 Choconta','2020-01-03',1612),(1613,'Allen','Olivia','Cr 859 Illinois St','2021-06-12',1613),(1614,'Martin','Victoria','22 Fourth','2019-02-10',1614),(1615,'Adams','William','4913 Melgar','2021-06-13',1615),(1616,'Martinez','Nicolás','139 Bogota','2022-02-15',1616),(1617,'Robinson','Amaia','1559 Mijo','2019-11-24',1617),(1618,'Rodriguez','William','4681 Topacio','2022-09-06',1618),(1619,'Johnson','Thiago','4963 Ibague','2022-07-14',1619),(1620,'Lopez','Sophia','Cr 2872 WhiskyTumaco','2019-05-22',1620),(1621,'Adams','Emma','Road 2872 Magnificent Mile','2021-01-02',1621),(1622,'Ramirez','Dylan','279 Banat','2022-02-21',1622),(1623,'Smith','Gianna','3119 Colorado','2022-06-01',1623),(1624,'Thomas','Nicolás','2062 Magnificent Mile','2022-06-23',1624),(1625,'Gonzalez','Liam','3081 Cazzo','2020-06-21',1625),(1626,'Wilson','James','3660 Topacio','2021-10-19',1626),(1627,'Garcia','William','1812 Chapell Hill','2019-02-19',1627),(1628,'Robinson','Noah','Cr 2330 Cuisine','2020-11-06',1628),(1629,'Johnson','Faith','3057 First','2019-11-06',1629),(1630,'White','Oliver','194 Choconta','2021-01-27',1630),(1631,'Jones','Charlotte','3016 Urshell','2022-01-22',1631),(1632,'Young','Charlotte','354 First','2021-02-02',1632),(1633,'Pugh','James','440 Mor','2019-09-08',1633),(1634,'Rivera','Benjamin','62 Fourth','2020-01-01',1634),(1635,'Hill','Mateo','Cr 2559 Mor','2020-07-15',1635),(1636,'Perez','Liam','Road 2559 Banat','2022-08-20',1636),(1637,'Mitchell','Sophia','3353 Salento','2021-01-01',1637),(1638,'Hall','Elijah','708 Cuisine','2022-08-05',1638),(1639,'Hernandez','Ian','444 Duki','2019-04-21',1639),(1640,'Smith','Benjamin','1931 Illinois St','2021-06-18',1640),(1641,'Allen','Sebastián','4682 Magnificent Mile','2022-03-03',1641),(1642,'Hill','Benjamin','1141 WhiskyTumaco','2019-04-26',1642),(1643,'Ramirez','Liam','Cr 4065 Chapell Hill','2020-06-16',1643),(1644,'Allen','Thiago','1980 Cuisine','2021-10-04',1644),(1645,'Torres','Lucas','2829 WhiskyTumaco','2022-01-19',1645),(1646,'Walker','Lucas','363 Mound St','2020-06-01',1646),(1647,'King','Sophia','2393 Magnificent Mile','2022-10-22',1647),(1648,'Williams','Kole','2763 Second','2019-06-10',1648),(1649,'Taylor','Dylan','1034 Spoti','2020-11-07',1649),(1650,'Anderson','Catalina','Cr 3848 Colorado','2022-03-19',1650),(1651,'Sanchez','Charlotte','Road 3848 Urshell','2021-06-22',1651),(1652,'Wright','Mía','1389 Cuisine','2020-05-27',1652),(1653,'Gonzalez','Ian','2360 Fourth','2019-03-23',1653),(1654,'Wilson','Mateo','2622 St monica','2022-02-11',1654),(1655,'Sanchez','Luna','3544 Guajira','2021-10-18',1655),(1656,'Young','Kole','2114 Mijo','2019-09-21',1656),(1657,'Nelson','Mía','1169 Magnificent Mile','2020-11-25',1657),(1658,'Wright','Thiago','Cr 1513 Ibague','2020-01-09',1658),(1659,'Flores','Liam','2446 Fourth','2019-07-10',1659),(1660,'Harris','Aurora','2689 First','2022-06-20',1660),(1661,'Lee','Noah','952 Illinois St','2019-09-15',1661),(1662,'Martinez','Sebastián','3593 Choconta','2021-05-12',1662),(1663,'Green','Benjamin','3718 Spoti','2021-03-01',1663),(1664,'Baker','Sebastián','1284 WhiskyTumaco','2021-02-13',1664),(1665,'Mitchell','Thiago','Cr 4585 Mor','2021-09-27',1665),(1666,'Walker','Santiago','Road 4585 Fifi','2020-01-26',1666),(1667,'Williams','Amaia','1166 Magnificent Mile','2019-08-22',1667),(1668,'Thompson','Sebastián','633 Third','2021-11-10',1668),(1669,'Walker','Henry','1248 Urshell','2021-06-23',1669),(1670,'Johnson','Liam','3230 Topacio','2020-11-24',1670),(1671,'Thompson','Amelia','3306 Illinois St','2020-06-13',1671),(1672,'Allen','Ethan','1972 Cazzo','2022-01-06',1672),(1673,'Adams','Valentina','Cr 1802 Third','2020-10-02',1673),(1674,'Thomas','Milena','2017 Cazzo','2022-04-18',1674),(1675,'Martinez','Henry','250 Banat','2020-08-01',1675),(1676,'Ramirez','Luna','3232 Fifi','2021-01-20',1676),(1677,'Adams','Milena','2847 Ibague','2021-03-11',1677),(1678,'Williams','Emma','2186 Magnificent Mile','2020-04-01',1678),(1679,'Thomas','Oliver','972 Urshell','2021-03-18',1679),(1680,'King','Catalina','Cr 1836 Colorado','2019-04-27',1680),(1681,'Bargwell','Ethan','Road 1836 Fourth','2020-05-20',1681),(1682,'Brown','Milena','2368 Salento','2020-03-07',1682),(1683,'Garcia','Amaia','4626 Ibague','2019-11-18',1683),(1684,'Torres','Luna','1136 Cuisine','2019-03-27',1684),(1685,'Green','Liam','2222 Spoti','2019-08-12',1685),(1686,'Gutierrez','Liam','2386 Urshell','2019-05-15',1686),(1687,'Hall','Mia','331 Fifi','2021-03-10',1687),(1688,'Williams','Gianna','Cr 1570 Parce','2022-11-15',1688),(1689,'Lopez','Emma','789 Top','2022-11-19',1689),(1690,'Campbell','Noah','1379 PanaValpo','2021-07-13',1690),(1691,'Rodriguez','Lucas','299 Illinois St','2021-04-01',1691),(1692,'Lee','Ava','4666 Chapell Hill','2022-11-01',1692),(1693,'Torres','Ian','3878 Bogota','2022-10-01',1693),(1694,'Thompson','Charlotte','910 Top','2022-10-27',1694),(1695,'Martinez','Ethan','Cr 1779 Fourth','2020-06-11',1695),(1696,'King','Faith','Road 1779 Parce','2019-06-19',1696),(1697,'Nguyen','Victoria','3895 Choconta','2021-06-18',1697),(1698,'Hernandez','Dylan','625 Guajira','2020-10-26',1698),(1699,'Lee','Gianna','3098 Parce','2020-05-10',1699),(1700,'Gutierrez','Dylan','377 First','2021-10-13',1700),(1701,'Hill','Ava','3844 Park','2020-02-21',1701),(1702,'Robinson','Valentina','1673 Mound St','2019-01-01',1702),(1703,'Brown','William','Cr 3304 Mor','2021-11-17',1703),(1704,'Jones','Mía','1905 Magnificent Mile','2020-04-09',1704),(1705,'Jackson','Luna','2558 Banat','2020-10-08',1705),(1706,'Clark','Lucas','4297 Colorado','2021-10-14',1706),(1707,'Nelson','Henry','4342 St monica','2020-01-27',1707),(1708,'Pugh','Santiago','1775 Fourth','2019-11-05',1708),(1709,'Clark','Benjamin','4608 Third','2019-02-04',1709),(1710,'Davis','Catalina','Cr 1752 Second','2019-02-11',1710),(1711,'Johnson','Olivia','Road 1752 Colorado','2021-05-19',1711),(1712,'Walker','Ava','4924 WhiskyTumaco','2022-11-12',1712),(1713,'Martin','Isabella','1117 LaSalle','2021-08-01',1713),(1714,'Thompson','Ian','4945 Melgar','2021-09-16',1714),(1715,'Sanchez','Benjamin','4342 Park','2020-01-27',1715),(1716,'Moore','Emma','473 Mor','2019-02-06',1716),(1717,'Taylor','Luna','2485 LaSalle','2022-01-18',1717),(1718,'Flores','Luna','Cr 929 Magnificent Mile','2020-11-20',1718),(1719,'Walker','Thiago','2800 Mijo','2021-10-10',1719),(1720,'Lewis','Charlotte','3273 Salento','2022-07-18',1720),(1721,'Perez','Dylan','988 Second','2022-01-03',1721),(1722,'Clark','Henry','1326 Choconta','2021-09-18',1722),(1723,'Gonzalez','Santiago','709 WhiskyTumaco','2020-09-20',1723),(1724,'Perez','Milena','1068 PanaValpo','2022-06-15',1724),(1725,'Harris','Isabella','Cr 4407 Fifi','2019-10-10',1725),(1726,'Miller','Ava','Road 4407 Mijo','2019-03-26',1726),(1727,'Martin','Victoria','2096 Urshell','2021-11-18',1727),(1728,'Torres','Luna','2934 Fourth','2019-07-06',1728),(1729,'Nguyen','William','4217 Colorado','2021-02-16',1729),(1730,'Moore','Lucas','3849 WhiskyTumaco','2022-10-13',1730),(1731,'Allen','Noah','2004 Mound St','2020-07-19',1731),(1732,'Clark','Sophia','4699 Spoti','2022-11-26',1732),(1733,'Thompson','Aurora','Cr 1813 Chapell Hill','2020-03-02',1733),(1734,'Taylor','Noah','3013 Ibague','2020-02-24',1734),(1735,'Rodriguez','Lucas','844 Salento','2022-05-12',1735),(1736,'Roberts','Noah','3803 Second','2022-01-17',1736),(1737,'Clark','Liam','2013 Park','2021-02-24',1737),(1738,'Nelson','Victoria','2059 Parce','2022-05-26',1738),(1739,'Jackson','Elijah','486 Duki','2020-04-26',1739),(1740,'Baker','Isabella','Cr 2359 Mound St','2019-01-12',1740),(1741,'Brown','Luna','Road 2359 Fifi','2019-06-09',1741),(1742,'Robinson','Luna','2167 Bogota','2022-07-04',1742),(1743,'Allen','Gianna','1835 Park','2020-01-09',1743),(1744,'Nguyen','Henry','3834 LaSalle','2021-06-20',1744),(1745,'Hernandez','Aurora','3698 First','2022-02-02',1745),(1746,'Lee','Emma','4362 Mound St','2022-04-21',1746),(1747,'Baker','Aurora','2510 Guajira','2019-03-16',1747),(1748,'Roberts','Nicolás','Cr 439 Fourth','2020-01-17',1748),(1749,'Nelson','Dylan','4364 Urshell','2022-05-20',1749),(1750,'Lopez','Faith','403 Guajira','2021-03-25',1750),(1751,'Lee','Victoria','2808 Second','2020-09-04',1751),(1752,'Nelson','Victoria','4142 Fifi','2022-05-14',1752),(1753,'Gonzalez','Sophia','2046 Mound St','2022-05-15',1753),(1754,'Thomas','Mateo','3104 Illinois St','2021-05-24',1754),(1755,'Perez','Luna','Cr 1686 Mor','2021-10-08',1755),(1756,'Anderson','William','Road 1686 Fourth','2021-02-05',1756),(1757,'Garcia','Amelia','1351 Fourth','2019-02-18',1757),(1758,'Wright','Mía','3294 Cuisine','2022-01-22',1758),(1759,'Pugh','Victoria','14 Cuisine','2019-05-11',1759),(1760,'Lewis','Lucas','4293 Melgar','2020-03-11',1760),(1761,'Ramirez','Victoria','4463 Mijo','2021-04-19',1761),(1762,'Bargwell','Mateo','855 Second','2019-03-03',1762),(1763,'Martinez','Liam','Cr 4931 Cuisine','2019-04-13',1763),(1764,'Clark','Santiago','595 Melgar','2019-01-06',1764),(1765,'Wilson','Sophia','4450 Mijo','2021-01-12',1765),(1766,'Thompson','Charlotte','3600 Park','2019-04-18',1766),(1767,'White','Emma','236 First','2021-03-27',1767),(1768,'Johnson','Noah','2268 WhiskyTumaco','2021-08-16',1768),(1769,'Hall','Emma','1065 Topacio','2019-04-19',1769),(1770,'Johnson','Luna','Cr 3038 Banat','2019-01-18',1770),(1771,'Wilson','Amaia','Road 3038 Duki','2019-06-11',1771),(1772,'Hill','Noah','380 Third','2021-05-17',1772),(1773,'Brown','Milena','1269 Magnificent Mile','2022-08-07',1773),(1774,'Johnson','Luna','2443 Park','2019-08-20',1774),(1775,'King','Amelia','3981 Mound St','2019-11-20',1775),(1776,'Rodriguez','Mia','3282 Colorado','2021-05-17',1776),(1777,'King','Sebastián','3942 Salento','2019-09-17',1777),(1778,'White','Dylan','Cr 287 Top','2020-11-01',1778),(1779,'Flores','Henry','955 PanaValpo','2019-03-17',1779),(1780,'Davis','Mia','3174 Guajira','2021-06-15',1780),(1781,'Nelson','Lucas','3651 Top','2022-07-03',1781),(1782,'Jackson','Emma','4632 Cazzo','2019-07-15',1782),(1783,'Mitchell','Ethan','3405 Guajira','2022-05-25',1783),(1784,'Moore','Elijah','4990 Fifi','2020-01-13',1784),(1785,'Flores','Isabella','Cr 4575 Second','2021-02-06',1785),(1786,'Lopez','Lucas','Road 4575 Cuisine','2020-02-26',1786),(1787,'Jackson','Lucas','4961 Illinois St','2019-03-17',1787),(1788,'King','William','3330 Chapell Hill','2021-05-21',1788),(1789,'Hall','Liam','1599 Cazzo','2020-02-10',1789),(1790,'Walker','Faith','4134 Mor','2021-03-27',1790),(1791,'Rivera','Ian','68 St monica','2021-04-12',1791),(1792,'Bargwell','Emma','2879 Third','2019-06-25',1792),(1793,'Rivera','Ava','Cr 467 Cazzo','2021-11-16',1793),(1794,'Martin','Emma','2997 WhiskyTumaco','2021-05-10',1794),(1795,'Wilson','Noah','4569 Magnificent Mile','2021-08-06',1795),(1796,'Taylor','William','3220 Magnificent Mile','2020-04-08',1796),(1797,'Campbell','Olivia','1307 Colorado','2019-11-07',1797),(1798,'White','Valentina','2289 Salento','2020-10-27',1798),(1799,'Walker','Benjamin','3244 Banat','2020-01-24',1799),(1800,'Johnson','Amelia','Cr 2753 Banat','2020-10-19',1800),(1801,'Baker','Noah','Road 2753 Cazzo','2021-05-17',1801),(1802,'Wilson','Lucas','4058 Ibague','2022-02-19',1802),(1803,'Anderson','Luna','1448 Mound St','2019-04-19',1803),(1804,'Wilson','Lucas','3310 Colorado','2019-03-03',1804),(1805,'Wilson','Sebastián','1206 Top','2021-03-01',1805),(1806,'Miller','Theodore','499 St monica','2022-06-15',1806),(1807,'King','Valentina','2195 Colorado','2022-05-23',1807),(1808,'Jones','Milena','Cr 4944 Cuisine','2022-04-19',1808),(1809,'Williams','Nicolás','2740 WhiskyTumaco','2021-03-16',1809),(1810,'Roberts','Emma','3278 Fourth','2021-03-12',1810),(1811,'Garcia','Luna','4442 Topacio','2021-06-07',1811),(1812,'Jackson','Amaia','3547 Illinois St','2022-02-25',1812),(1813,'Robinson','Charlotte','715 Colorado','2022-06-24',1813),(1814,'Carter','Santiago','2143 Banat','2020-06-10',1814),(1815,'Flores','Evelyn','Cr 4538 Second','2021-01-03',1815),(1816,'Nguyen','Gianna','Road 4538 Colorado','2021-10-03',1816),(1817,'Baker','Theodore','4827 Illinois St','2019-11-06',1817),(1818,'Sanchez','Nicolás','4987 Colorado','2022-11-21',1818),(1819,'Wilson','Elijah','4579 Urshell','2022-08-17',1819),(1820,'Flores','Mía','1219 Third','2020-07-08',1820),(1821,'Pugh','Benjamin','3347 Illinois St','2019-05-02',1821),(1822,'Hill','Victoria','3428 Mijo','2020-06-03',1822),(1823,'Scott','Victoria','Cr 2174 Park','2022-01-18',1823),(1824,'Moore','Elijah','4966 Park','2022-04-03',1824),(1825,'Adams','Kole','4771 Cuisine','2020-08-12',1825),(1826,'White','Emma','288 First','2020-02-09',1826),(1827,'Flores','Catalina','1986 Second','2019-06-01',1827),(1828,'Martinez','Luna','1756 Park','2019-05-10',1828),(1829,'Gutierrez','Ian','4617 LaSalle','2019-01-05',1829),(1830,'Martinez','Dylan','Cr 3722 Melgar','2019-10-01',1830),(1831,'Lee','Sophia','Road 3722 Magnificent Mile','2021-04-07',1831),(1832,'Thomas','William','2205 WhiskyTumaco','2022-03-06',1832),(1833,'Thompson','Victoria','4063 Magnificent Mile','2019-09-20',1833),(1834,'Lee','Noah','2139 Bogota','2021-10-25',1834),(1835,'Perez','Victoria','3373 Second','2019-01-01',1835),(1836,'Lewis','James','1467 Cazzo','2020-04-16',1836),(1837,'Gonzalez','Victoria','4798 Magnificent Mile','2021-03-01',1837),(1838,'Clark','Isabella','Cr 329 Fifi','2021-11-07',1838),(1839,'Perez','Evelyn','3123 LaSalle','2019-01-25',1839),(1840,'Nelson','Luna','2161 WhiskyTumaco','2022-11-01',1840),(1841,'Gutierrez','Mia','1693 First','2019-11-01',1841),(1842,'Gutierrez','Emma','3730 Ibague','2021-06-05',1842),(1843,'Rodriguez','Mía','4685 Parce','2019-08-27',1843),(1844,'Moore','Charlotte','3836 Melgar','2021-09-19',1844),(1845,'Davis','Lucas','Cr 1173 St monica','2019-04-02',1845),(1846,'Campbell','Mia','Road 1173 Fifi','2022-04-26',1846),(1847,'Walker','Mía','2198 Banat','2022-01-23',1847),(1848,'Allen','Liam','35 Spoti','2019-06-14',1848),(1849,'Rivera','Elijah','355 Second','2021-01-24',1849),(1850,'Lopez','Mía','786 Guajira','2020-05-14',1850),(1851,'Johnson','Ava','791 Mound St','2021-05-27',1851),(1852,'Wilson','Theodore','108 Third','2021-10-08',1852),(1853,'Wilson','Kole','Cr 2099 Bogota','2019-08-01',1853),(1854,'Ramirez','Luna','2799 Chapell Hill','2021-01-01',1854),(1855,'Nguyen','Aurora','393 Urshell','2019-01-10',1855),(1856,'Gutierrez','Charlotte','812 Urshell','2020-07-05',1856),(1857,'Robinson','Evelyn','1885 Salento','2019-01-26',1857),(1858,'Carter','Liam','1033 Choconta','2022-01-02',1858),(1859,'Ramirez','Gianna','4130 Top','2019-05-05',1859),(1860,'Pugh','Santiago','Cr 1484 Banat','2020-09-18',1860),(1861,'Davis','Lucas','Road 1484 Illinois St','2022-03-19',1861),(1862,'Bargwell','Ethan','1088 Cazzo','2022-03-24',1862),(1863,'Campbell','Lucas','4484 Third','2019-06-24',1863),(1864,'Wright','Ian','4289 Spoti','2022-09-05',1864),(1865,'Anderson','Nicolás','2640 PanaValpo','2020-10-16',1865),(1866,'Lewis','Valentina','1437 Magnificent Mile','2019-10-12',1866),(1867,'Baker','Sebastián','3066 Banat','2019-01-19',1867),(1868,'Lee','Luna','Cr 1031 First','2022-07-07',1868),(1869,'Roberts','Theodore','1132 Salento','2021-04-02',1869),(1870,'Sanchez','Gianna','4197 Salento','2019-01-24',1870),(1871,'Scott','Gianna','1163 Mound St','2019-06-16',1871),(1872,'Rivera','Olivia','2777 Choconta','2020-06-05',1872),(1873,'Jones','Oliver','4224 Parce','2019-06-24',1873),(1874,'Anderson','William','4764 Illinois St','2021-02-08',1874),(1875,'Jones','Noah','Cr 4246 Top','2021-04-13',1875),(1876,'Garcia','Thiago','Road 4246 Mijo','2019-10-21',1876),(1877,'Thompson','Theodore','2155 Second','2021-05-01',1877),(1878,'Adams','Lucas','3110 Top','2021-08-24',1878),(1879,'Davis','Olivia','4097 Top','2021-08-21',1879),(1880,'Gutierrez','Faith','1026 Mound St','2019-07-14',1880),(1881,'Lewis','Ian','1890 Mor','2022-06-24',1881),(1882,'Scott','Olivia','1914 Duki','2019-10-21',1882),(1883,'White','Ava','Cr 375 Choconta','2022-10-01',1883),(1884,'Martin','Gianna','743 Cuisine','2021-03-14',1884),(1885,'Lopez','Benjamin','3102 Parce','2021-11-24',1885),(1886,'Lee','Santiago','4778 Guajira','2020-01-18',1886),(1887,'Rivera','Kole','1873 Mound St','2021-10-05',1887),(1888,'Thomas','Mateo','4040 PanaValpo','2022-03-12',1888),(1889,'Nguyen','Catalina','3971 Duki','2019-08-03',1889),(1890,'White','Amelia','Cr 1488 Salento','2019-11-01',1890),(1891,'Mitchell','Faith','Road 1488 Top','2019-01-16',1891),(1892,'Smith','Emma','1306 Spoti','2021-07-26',1892),(1893,'Flores','Milena','1095 Mijo','2019-08-24',1893),(1894,'Wright','Oliver','433 Ibague','2021-06-25',1894),(1895,'Lewis','Catalina','3350 Top','2019-01-21',1895),(1896,'Anderson','Evelyn','4902 Ibague','2022-01-11',1896),(1897,'Jones','Amelia','1774 Magnificent Mile','2019-06-20',1897),(1898,'White','Sebastián','Cr 4901 Guajira','2020-01-07',1898),(1899,'Lewis','Theodore','4078 Melgar','2019-06-17',1899),(1900,'Jackson','Thiago','4772 Top','2021-01-23',1900),(1901,'Jackson','Faith','4667 Park','2019-01-27',1901),(1902,'Martin','Lucas','2008 Third','2019-11-25',1902),(1903,'Young','Milena','4585 Duki','2020-03-14',1903),(1904,'Williams','Charlotte','1649 First','2022-11-04',1904),(1905,'Flores','James','Cr 3143 Third','2022-02-26',1905),(1906,'Campbell','Aurora','Road 3143 Ibague','2021-06-17',1906),(1907,'Sanchez','Benjamin','320 LaSalle','2019-05-20',1907),(1908,'Wright','Kole','4562 LaSalle','2021-01-02',1908),(1909,'Brown','Oliver','648 Ibague','2020-03-09',1909),(1910,'Robinson','Mia','3474 Fifi','2020-07-24',1910),(1911,'White','Mía','4171 Mound St','2020-01-09',1911),(1912,'Adams','Sophia','7 Mijo','2019-03-14',1912),(1913,'Rodriguez','Catalina','Cr 1313 Third','2019-04-14',1913),(1914,'Torres','Ava','3379 Mijo','2022-01-27',1914),(1915,'Nelson','Lucas','303 Second','2020-01-14',1915),(1916,'Flores','Liam','2127 Chapell Hill','2020-05-21',1916),(1917,'Martin','Noah','3256 Third','2021-07-17',1917),(1918,'Flores','Sophia','1420 PanaValpo','2022-05-18',1918),(1919,'Mitchell','Mía','3463 Bogota','2019-05-17',1919),(1920,'Pugh','Gianna','Cr 1614 Parce','2020-06-10',1920),(1921,'Lewis','Benjamin','Road 1614 Second','2020-09-09',1921),(1922,'Jackson','Dylan','2707 Mound St','2021-01-07',1922),(1923,'Mitchell','Lucas','4634 Parce','2022-06-18',1923),(1924,'Thomas','Milena','2435 Melgar','2019-06-07',1924),(1925,'Rivera','Amelia','4439 Duki','2022-01-27',1925),(1926,'Taylor','Ethan','613 Park','2021-02-03',1926),(1927,'Williams','Santiago','250 Bogota','2020-05-01',1927),(1928,'Baker','Ethan','Cr 2444 Illinois St','2022-07-23',1928),(1929,'Garcia','Henry','3814 Mor','2020-01-22',1929),(1930,'Adams','Benjamin','1627 Fifi','2021-04-02',1930),(1931,'Ramirez','Charlotte','2258 Topacio','2021-10-07',1931),(1932,'Wright','Noah','3064 Mound St','2022-11-02',1932),(1933,'Baker','Oliver','1803 Spoti','2020-04-25',1933),(1934,'Smith','Ian','401 Duki','2019-04-10',1934),(1935,'Brown','Charlotte','Cr 2031 LaSalle','2020-06-07',1935),(1936,'Clark','Catalina','Road 2031 Fourth','2021-03-04',1936),(1937,'Carter','Victoria','2084 Third','2019-07-01',1937),(1938,'Sanchez','Amelia','4854 Top','2019-03-26',1938),(1939,'Roberts','William','3550 Illinois St','2019-03-19',1939),(1940,'Martinez','Olivia','1105 Bogota','2021-01-05',1940),(1941,'Hernandez','Lucas','3084 WhiskyTumaco','2020-09-24',1941),(1942,'Rivera','Luna','2924 Guajira','2021-09-25',1942),(1943,'Thompson','James','Cr 70 Magnificent Mile','2020-06-18',1943),(1944,'Scott','Valentina','2925 Cazzo','2020-11-15',1944),(1945,'Pugh','Amelia','552 Colorado','2021-08-14',1945),(1946,'Green','Sebastián','750 LaSalle','2019-11-25',1946),(1947,'Davis','Amelia','1935 Magnificent Mile','2021-04-17',1947),(1948,'Scott','Oliver','2242 Duki','2022-06-01',1948),(1949,'Anderson','Catalina','1152 Magnificent Mile','2019-04-13',1949),(1950,'Martinez','Catalina','Cr 4343 Fifi','2022-11-03',1950),(1951,'Mitchell','Mateo','Road 4343 Bogota','2019-11-26',1951),(1952,'Miller','Aurora','282 Colorado','2021-01-04',1952),(1953,'Jackson','Elijah','1851 Parce','2019-07-19',1953),(1954,'King','Henry','3107 Ibague','2021-01-18',1954),(1955,'Martinez','Catalina','4659 LaSalle','2019-09-13',1955),(1956,'Gutierrez','Benjamin','3470 Chapell Hill','2020-03-15',1956),(1957,'King','Ethan','1886 Melgar','2020-07-09',1957),(1958,'Clark','William','Cr 2060 Parce','2020-01-23',1958),(1959,'Jackson','James','3863 Magnificent Mile','2022-02-20',1959),(1960,'Gutierrez','Dylan','4905 First','2022-04-18',1960),(1961,'Thomas','Dylan','4589 Colorado','2020-08-08',1961),(1962,'Adams','Nicolás','1721 Salento','2022-08-02',1962),(1963,'Nelson','James','167 Guajira','2019-01-25',1963),(1964,'Baker','William','1849 Urshell','2022-07-15',1964),(1965,'Torres','Mia','Cr 3647 Cazzo','2019-02-12',1965),(1966,'Clark','Noah','Road 3647 Mor','2019-09-10',1966),(1967,'Adams','Luna','3711 WhiskyTumaco','2019-07-01',1967),(1968,'Williams','Benjamin','3819 Chapell Hill','2021-03-10',1968),(1969,'Flores','Ian','58 Cuisine','2021-09-17',1969),(1970,'Lopez','Elijah','4597 Second','2022-05-12',1970),(1971,'Miller','Elijah','915 Melgar','2022-03-01',1971),(1972,'Adams','Thiago','4967 First','2020-09-03',1972),(1973,'Robinson','Sophia','Cr 4429 Bogota','2021-07-27',1973),(1974,'Nguyen','Valentina','170 WhiskyTumaco','2020-04-07',1974),(1975,'Bargwell','Mia','4934 Mijo','2019-03-13',1975),(1976,'Miller','Faith','2919 Bogota','2021-06-19',1976),(1977,'Torres','Santiago','4541 Second','2019-03-19',1977),(1978,'Miller','Mateo','1207 Fifi','2020-09-14',1978),(1979,'Perez','Victoria','4805 St monica','2019-05-01',1979),(1980,'Williams','Liam','Cr 2959 Salento','2022-09-26',1980),(1981,'Campbell','Liam','Road 2959 Guajira','2022-08-09',1981),(1982,'Jackson','Liam','1379 Colorado','2022-04-03',1982),(1983,'Allen','Henry','4712 Top','2019-11-14',1983),(1984,'Martin','Milena','4060 Park','2019-01-20',1984),(1985,'Jackson','Ava','1660 Second','2019-08-09',1985),(1986,'Thomas','Oliver','2043 Mijo','2021-01-09',1986),(1987,'Martin','Lucas','3808 Fifi','2021-01-08',1987),(1988,'Lee','Noah','Cr 3599 Second','2022-01-15',1988),(1989,'Johnson','Santiago','4206 Duki','2019-10-21',1989),(1990,'Baker','Lucas','1044 Parce','2022-10-06',1990),(1991,'Lee','Liam','1747 Mijo','2021-10-01',1991),(1992,'Torres','Thiago','3668 Top','2022-06-25',1992),(1993,'Adams','Liam','2065 Urshell','2020-08-25',1993),(1994,'Roberts','Ethan','589 Mound St','2022-02-20',1994),(1995,'Flores','Isabella','Cr 1305 Cazzo','2021-02-01',1995),(1996,'Wright','Luna','Road 1305 Top','2022-10-16',1996),(1997,'Miller','Milena','2722 St monica','2021-10-14',1997),(1998,'Clark','Emma','4022 Duki','2019-02-10',1998),(1999,'Wright','Kole','3171 Banat','2022-10-25',1999),(2000,'King','Henry','802 Urshell','2019-06-20',2000);
/*!40000 ALTER TABLE `student` ENABLE KEYS */;
UNLOCK TABLES;

--
-- Table structure for table `studentclass`
--

DROP TABLE IF EXISTS `studentclass`;
/*!40101 SET @saved_cs_client     = @@character_set_client */;
/*!50503 SET character_set_client = utf8mb4 */;
CREATE TABLE `studentclass` (
  `ClassID` int NOT NULL,
  `StudentID` int NOT NULL,
  PRIMARY KEY (`ClassID`,`StudentID`),
  KEY `fk_class_has_student_student1_idx` (`StudentID`),
  KEY `fk_class_has_student_class1_idx` (`ClassID`),
  CONSTRAINT `fk_class_has_student_class1` FOREIGN KEY (`ClassID`) REFERENCES `class` (`ClassID`),
  CONSTRAINT `fk_class_has_student_student1` FOREIGN KEY (`StudentID`) REFERENCES `student` (`StudentID`)
) ENGINE=InnoDB DEFAULT CHARSET=utf8mb4 COLLATE=utf8mb4_0900_ai_ci;
/*!40101 SET character_set_client = @saved_cs_client */;

--
-- Dumping data for table `studentclass`
--

LOCK TABLES `studentclass` WRITE;
/*!40000 ALTER TABLE `studentclass` DISABLE KEYS */;
INSERT INTO `studentclass` VALUES (28,1),(14,3),(38,3),(42,4),(27,5),(32,7),(20,8),(48,10),(17,17),(36,17),(27,18),(4,19),(28,19),(29,20),(23,23),(25,23),(13,29),(10,31),(30,32),(23,36),(30,38),(34,39),(36,39),(39,39),(15,44),(17,45),(30,45),(3,48),(40,49),(41,57),(42,59),(46,60),(9,61),(26,61),(22,64),(4,66),(8,67),(41,68),(19,70),(38,70),(32,71),(14,75),(11,79),(9,80),(22,81),(2,83),(24,84),(3,85),(13,88),(40,89),(43,90),(11,91),(41,91),(33,94),(25,95),(27,97),(39,97),(39,99),(23,100),(18,101),(30,103),(22,105),(12,108),(41,109),(23,110),(33,112),(36,112),(20,115),(28,115),(6,117),(47,118),(4,120),(46,125),(48,126),(49,127),(42,130),(27,131),(50,132),(23,134),(45,140),(41,145),(6,152),(14,152),(20,152),(31,153),(2,154),(27,158),(14,162),(40,166),(2,167),(27,171),(11,173),(18,175),(8,178),(24,178),(33,178),(8,180),(24,180),(38,182),(18,186),(22,186),(36,191),(31,192),(16,194),(37,196),(46,197),(50,197),(49,201),(4,203),(7,203),(34,203),(15,206),(19,206),(4,209),(5,213),(2,217),(38,219),(30,221),(40,221),(28,222),(32,224),(50,226),(42,230),(45,231),(31,235),(12,236),(38,236),(21,237),(27,238),(5,239),(48,241),(11,244),(31,246),(40,254),(45,254),(16,255),(21,257),(44,261),(48,262),(25,263),(24,267),(30,268),(13,269),(26,270),(30,270),(13,271),(18,271),(10,273),(33,273),(46,273),(35,276),(28,278),(49,279),(3,281),(20,283),(28,284),(34,287),(42,287),(17,290),(47,291),(8,294),(9,296),(33,297),(25,298),(6,300),(25,305),(36,305),(43,306),(32,307),(15,312),(16,314),(21,316),(25,320),(31,320),(43,322),(35,323),(35,325),(47,326),(14,327),(37,327),(46,328),(33,330),(41,332),(3,336),(39,336),(35,341),(49,342),(47,343),(35,345),(39,345),(40,348),(29,351),(1,353),(25,354),(32,354),(49,355),(20,356),(25,364),(47,371),(7,383),(37,385),(18,386),(16,388),(35,388),(41,388),(47,388),(2,391),(34,392),(9,394),(6,399),(21,399),(26,401),(43,411),(18,413),(34,414),(49,416),(19,419),(15,422),(47,426),(32,427),(27,428),(9,430),(23,431),(14,432),(16,432),(24,435),(45,435),(22,436),(35,438),(42,438),(42,439),(13,441),(18,441),(5,442),(35,443),(2,445),(9,445),(20,445),(49,445),(43,447),(36,451),(22,452),(4,454),(12,455),(5,460),(18,460),(10,461),(31,461),(29,463),(5,464),(18,467),(37,467),(34,469),(21,470),(24,470),(13,471),(40,471),(11,473),(23,473),(39,476),(32,479),(40,480),(7,482),(42,485),(7,486),(38,486),(39,487),(19,488),(16,491),(8,499),(41,499),(47,500),(12,501),(22,501),(21,502),(3,504),(21,507),(14,508),(35,508),(6,513),(35,514),(5,517),(9,521),(40,526),(47,526),(24,529),(4,530),(46,530),(15,531),(45,531),(8,533),(6,534),(7,535),(41,535),(16,542),(18,543),(30,543),(48,544),(11,545),(21,549),(42,550),(49,550),(29,554),(33,555),(21,557),(30,557),(9,561),(22,562),(6,564),(24,565),(7,566),(34,567),(37,568),(4,569),(45,570),(42,571),(6,573),(33,576),(16,578),(21,580),(11,581),(12,584),(41,585),(1,587),(8,593),(6,596),(35,597),(9,599),(18,604),(5,605),(48,610),(42,611),(5,612),(16,612),(32,613),(46,614),(6,617),(21,619),(21,623),(36,623),(4,625),(23,627),(50,627),(18,630),(4,631),(5,632),(26,640),(47,643),(34,646),(1,650),(26,653),(40,658),(29,660),(3,661),(39,661),(50,662),(35,663),(28,664),(18,665),(27,665),(43,667),(18,669),(45,669),(17,670),(23,670),(19,671),(21,673),(15,676),(23,677),(10,679),(40,679),(37,683),(22,687),(8,689),(34,691),(49,694),(47,696),(19,699),(8,700),(31,700),(40,703),(39,705),(29,706),(5,708),(5,711),(13,711),(16,713),(17,716),(19,717),(36,719),(1,721),(3,721),(15,722),(37,722),(31,725),(18,730),(45,732),(49,734),(14,736),(38,738),(3,740),(16,742),(14,745),(5,750),(16,750),(5,754),(44,756),(6,757),(31,765),(39,765),(22,767),(25,772),(41,774),(18,775),(28,775),(9,777),(50,783),(11,784),(38,786),(18,789),(50,789),(10,790),(45,790),(23,792),(29,792),(34,794),(9,795),(36,795),(45,798),(35,801),(46,801),(9,804),(36,806),(12,808),(17,809),(42,814),(12,816),(40,817),(46,821),(40,823),(12,825),(4,826),(22,827),(3,829),(21,834),(2,837),(18,839),(33,839),(6,842),(45,842),(37,847),(45,847),(47,849),(28,856),(26,857),(50,860),(12,862),(6,863),(20,864),(2,865),(30,866),(8,868),(22,875),(21,877),(31,877),(8,878),(18,882),(6,885),(40,885),(12,886),(17,888),(20,889),(20,890),(32,891),(49,892),(50,893),(1,895),(43,895),(1,896),(20,897),(7,902),(46,904),(25,907),(16,909),(35,910),(42,913),(2,917),(16,922),(32,923),(42,923),(48,925),(35,926),(48,927),(37,929),(50,931),(14,933),(14,934),(47,934),(12,938),(15,941),(24,942),(34,943),(15,946),(18,958),(40,958),(25,959),(43,959),(7,961),(46,965),(38,969),(48,969),(23,973),(4,975),(21,975),(20,978),(8,979),(40,979),(11,982),(11,984),(16,984),(32,986),(25,988),(37,992),(4,994),(20,994),(3,995),(21,996),(12,997),(26,998),(28,998),(43,1001),(41,1005),(19,1007),(15,1009),(41,1010),(50,1012),(46,1014),(35,1018),(34,1019),(4,1023),(46,1024),(27,1027),(48,1027),(48,1030),(19,1033),(24,1036),(32,1036),(50,1040),(20,1042),(34,1042),(24,1043),(7,1046),(31,1046),(43,1049),(39,1051),(50,1052),(26,1055),(48,1061),(34,1064),(26,1065),(37,1071),(42,1071),(25,1072),(16,1073),(44,1074),(13,1078),(40,1080),(40,1082),(31,1083),(33,1084),(19,1086),(4,1089),(24,1089),(11,1096),(28,1103),(32,1103),(28,1104),(39,1104),(24,1105),(16,1106),(9,1108),(31,1108),(49,1108),(28,1112),(48,1112),(38,1118),(22,1119),(12,1120),(44,1120),(45,1120),(25,1122),(49,1122),(32,1128),(22,1129),(32,1132),(17,1134),(23,1137),(32,1137),(42,1138),(9,1147),(29,1152),(17,1159),(27,1160),(44,1160),(16,1164),(49,1166),(7,1167),(8,1169),(41,1174),(49,1177),(17,1180),(4,1182),(19,1187),(46,1188),(42,1193),(4,1196),(14,1196),(2,1197),(32,1199),(50,1199),(3,1203),(5,1203),(38,1203),(28,1209),(5,1211),(44,1213),(39,1216),(30,1217),(9,1221),(49,1223),(14,1225),(31,1225),(47,1227),(6,1230),(15,1241),(38,1243),(18,1244),(43,1245),(6,1248),(6,1255),(16,1256),(22,1256),(2,1261),(45,1262),(27,1263),(10,1264),(16,1265),(33,1265),(3,1266),(16,1267),(20,1271),(25,1271),(37,1273),(32,1274),(44,1278),(39,1282),(42,1283),(25,1285),(40,1291),(25,1294),(17,1295),(35,1296),(1,1297),(9,1298),(16,1298),(9,1300),(21,1300),(43,1301),(13,1306),(1,1307),(28,1307),(27,1308),(20,1309),(36,1311),(17,1312),(21,1315),(38,1320),(46,1321),(47,1322),(29,1325),(48,1331),(33,1332),(21,1333),(45,1338),(12,1339),(1,1342),(23,1342),(5,1343),(27,1344),(24,1345),(40,1345),(35,1350),(47,1350),(41,1361),(34,1362),(43,1363),(46,1370),(2,1373),(25,1373),(23,1376),(23,1381),(16,1387),(24,1389),(17,1393),(33,1394),(11,1398),(21,1400),(18,1401),(49,1401),(14,1406),(42,1406),(45,1407),(27,1413),(49,1413),(15,1417),(12,1418),(23,1419),(10,1426),(24,1427),(30,1431),(8,1436),(43,1444),(1,1445),(32,1445),(20,1454),(40,1456),(23,1460),(44,1460),(45,1461),(39,1463),(20,1465),(28,1466),(38,1467),(28,1472),(32,1472),(25,1476),(26,1476),(36,1480),(28,1481),(2,1482),(10,1482),(10,1484),(37,1485),(31,1495),(3,1498),(21,1501),(47,1501),(16,1506),(37,1507),(21,1508),(49,1509),(42,1510),(40,1511),(50,1514),(7,1517),(28,1517),(48,1518),(9,1524),(26,1524),(18,1525),(5,1526),(11,1528),(22,1529),(19,1530),(27,1535),(37,1536),(40,1539),(19,1545),(9,1549),(26,1549),(45,1549),(18,1551),(47,1557),(6,1560),(46,1561),(40,1565),(21,1567),(5,1572),(13,1576),(17,1577),(29,1586),(41,1586),(11,1587),(10,1588),(1,1591),(12,1591),(35,1592),(44,1593),(2,1596),(8,1597),(36,1599),(46,1600),(37,1601),(18,1602),(23,1603),(45,1603),(4,1604),(13,1607),(22,1609),(43,1609),(49,1609),(17,1610),(36,1611),(4,1612),(20,1613),(39,1615),(13,1616),(14,1623),(19,1625),(41,1625),(43,1625),(20,1628),(21,1632),(40,1633),(18,1635),(5,1637),(10,1638),(2,1640),(38,1640),(26,1642),(12,1643),(17,1643),(21,1643),(45,1643),(2,1644),(42,1649),(2,1650),(28,1650),(36,1656),(48,1657),(1,1659),(12,1659),(38,1662),(14,1663),(25,1663),(25,1668),(3,1669),(8,1669),(35,1669),(3,1671),(5,1674),(10,1677),(44,1679),(46,1685),(24,1686),(34,1688),(30,1692),(28,1698),(2,1703),(14,1704),(30,1706),(24,1707),(28,1707),(39,1716),(39,1719),(23,1720),(48,1722),(17,1724),(18,1727),(14,1728),(3,1733),(41,1733),(49,1733),(8,1734),(26,1742),(11,1748),(11,1749),(21,1752),(30,1752),(47,1752),(3,1756),(12,1756),(17,1759),(35,1761),(31,1764),(8,1765),(3,1766),(18,1766),(12,1767),(31,1767),(29,1770),(9,1772),(30,1773),(40,1775),(42,1775),(42,1778),(45,1778),(7,1780),(2,1781),(30,1781),(36,1783),(6,1792),(10,1793),(13,1796),(41,1796),(45,1802),(30,1806),(46,1806),(5,1807),(12,1807),(29,1812),(44,1813),(13,1814),(15,1818),(25,1820),(37,1821),(44,1821),(27,1822),(38,1822),(9,1823),(2,1826),(17,1827),(22,1827),(20,1830),(36,1832),(38,1836),(31,1837),(38,1840),(32,1842),(39,1846),(50,1847),(18,1853),(43,1853),(9,1858),(41,1858),(9,1861),(11,1862),(48,1863),(50,1864),(28,1868),(31,1870),(6,1871),(48,1875),(8,1881),(30,1885),(18,1886),(37,1886),(20,1891),(45,1892),(25,1893),(19,1894),(17,1896),(30,1896),(50,1900),(40,1901),(49,1901),(32,1904),(38,1904),(1,1905),(9,1905),(15,1907),(22,1908),(27,1909),(10,1910),(39,1910),(17,1911),(28,1914),(36,1918),(30,1919),(7,1922),(46,1927),(5,1928),(28,1928),(49,1929),(40,1931),(18,1933),(1,1934),(18,1934),(22,1938),(39,1938),(49,1939),(1,1940),(8,1940),(22,1943),(13,1944),(41,1946),(46,1946),(6,1947),(49,1949),(29,1950),(44,1951),(34,1955),(19,1958),(16,1962),(7,1965),(41,1968),(36,1978),(38,1980),(39,1980),(1,1983),(41,1984),(1,1986),(50,1986),(1,1990),(17,1992),(31,1992),(18,1993),(39,1993),(30,2000);
/*!40000 ALTER TABLE `studentclass` ENABLE KEYS */;
UNLOCK TABLES;

--
-- Table structure for table `subject`
--

DROP TABLE IF EXISTS `subject`;
/*!40101 SET @saved_cs_client     = @@character_set_client */;
/*!50503 SET character_set_client = utf8mb4 */;
CREATE TABLE `subject` (
  `SubjectID` int NOT NULL AUTO_INCREMENT,
  `SubjectName` varchar(45) NOT NULL,
  `SubjectCollege` varchar(45) DEFAULT NULL,
  PRIMARY KEY (`SubjectID`),
  UNIQUE KEY `SubjectID_UNIQUE` (`SubjectID`)
) ENGINE=InnoDB AUTO_INCREMENT=51 DEFAULT CHARSET=utf8mb4 COLLATE=utf8mb4_0900_ai_ci;
/*!40101 SET character_set_client = @saved_cs_client */;

--
-- Dumping data for table `subject`
--

LOCK TABLES `subject` WRITE;
/*!40000 ALTER TABLE `subject` DISABLE KEYS */;
INSERT INTO `subject` VALUES (1,'Freshman Composition','Sciences College'),(2,'Advanced courses','Sciences College'),(3,'Senior design','Engineering College'),(4,'Senior design','Sciences College'),(5,'Intermediate','Arts College'),(6,'Senior design','Sciences College'),(7,'Electives','Arts College'),(8,'Advanced courses','Arts College'),(9,'Intermediate','Arts College'),(10,'Freshman Composition','Engineering College'),(11,'General','Arts College'),(12,'Senior design','Engineering College'),(13,'Intermediate','Sciences College'),(14,'Electives','Engineering College'),(15,'Electives','Arts College'),(16,'Senior design','Engineering College'),(17,'Intermediate','Engineering College'),(18,'Advanced courses','Engineering College'),(19,'Advanced courses','Engineering College'),(20,'Senior design','Engineering College'),(21,'Freshman Composition','Arts College'),(22,'Senior design','Engineering College'),(23,'Principles','Sciences College'),(24,'Freshman Composition','Engineering College'),(25,'Principles','Arts College'),(26,'Advanced courses','Engineering College'),(27,'Freshman Composition','Arts College'),(28,'Principles','Arts College'),(29,'Intermediate','Engineering College'),(30,'Intermediate','Arts College'),(31,'General','Sciences College'),(32,'General','Engineering College'),(33,'Senior design','Arts College'),(34,'Electives','Sciences College'),(35,'General','Arts College'),(36,'General','Arts College'),(37,'Electives','Engineering College'),(38,'Intermediate','Arts College'),(39,'Advanced courses','Sciences College'),(40,'Intermediate','Engineering College'),(41,'Electives','Sciences College'),(42,'Principles','Arts College'),(43,'Electives','Engineering College'),(44,'Intermediate','Sciences College'),(45,'Advanced courses','Sciences College'),(46,'General','Sciences College'),(47,'Electives','Arts College'),(48,'Intermediate','Sciences College'),(49,'Senior design','Sciences College'),(50,'Principles','Engineering College');
/*!40000 ALTER TABLE `subject` ENABLE KEYS */;
UNLOCK TABLES;

--
-- Table structure for table `teacher`
--

DROP TABLE IF EXISTS `teacher`;
/*!40101 SET @saved_cs_client     = @@character_set_client */;
/*!50503 SET character_set_client = utf8mb4 */;
CREATE TABLE `teacher` (
  `TeacherID` int NOT NULL AUTO_INCREMENT,
  `LastName` varchar(45) NOT NULL,
  `FirstName` varchar(45) NOT NULL,
  `Department` varchar(45) NOT NULL,
  `Address` varchar(45) NOT NULL,
  `JoinDate` date NOT NULL,
  PRIMARY KEY (`TeacherID`),
  UNIQUE KEY `TeacherID_UNIQUE` (`TeacherID`),
  UNIQUE KEY `Address_UNIQUE` (`Address`)
) ENGINE=InnoDB AUTO_INCREMENT=51 DEFAULT CHARSET=utf8mb4 COLLATE=utf8mb4_0900_ai_ci;
/*!40101 SET character_set_client = @saved_cs_client */;

--
-- Dumping data for table `teacher`
--

LOCK TABLES `teacher` WRITE;
/*!40000 ALTER TABLE `teacher` DISABLE KEYS */;
INSERT INTO `teacher` VALUES (1,'Johnson','Emma','Computer Science','511 Salento','1999-09-07'),(2,'Adams','Olivia','Business','768 Salento','2004-03-10'),(3,'Perez','Sophia','Engineering','729 LaSalle','2000-04-17'),(4,'Walker','Sebastián','Arts','637 Topacio','1997-07-07'),(5,'Brown','Thiago','Engineering','884 Mound St','2018-07-07'),(6,'Walker','Victoria','Arts','120 LaSalle','2018-04-10'),(7,'Walker','Santiago','Engineering','266 St monica','2011-07-14'),(8,'Lewis','Amaia','Theology','675 Topacio','2012-10-05'),(9,'Hernandez','Noah','Theology','292 Salento','2002-11-07'),(10,'Lee','Nicolás','Arts','869 Chapell Hill','2008-10-03'),(11,'Rivera','Catalina','Theology','185 Mound St','2018-10-27'),(12,'Rodriguez','Mía','Theology','108 Magnificent Mile','2018-01-06'),(13,'Johnson','Oliver','Computer Science','68 Topacio','2012-04-02'),(14,'Baker','Evelyn','Computer Science','63 LaSalle','2019-05-13'),(15,'Lee','Kole','STEM','831 Topacio','2014-03-01'),(16,'Martin','Sebastián','Computer Science','647 Magnificent Mile','2005-11-15'),(17,'Jones','Kole','PA','359 Topacio','2006-01-24'),(18,'Moore','Sebastián','PA','357 LaSalle','2016-01-06'),(19,'Allen','Luna','Engineering','132 Topacio','1999-11-08'),(20,'Lee','Evelyn','Business','876 St monica','2010-09-22'),(21,'Miller','Santiago','Arts','175 LaSalle','2006-11-23'),(22,'Rivera','Amelia','Engineering','653 Salento','2007-01-10'),(23,'Hall','Dylan','Computer Science','281 Mound St','1998-08-18'),(24,'Martinez','Lucas','STEM','113 St monica','2015-11-14'),(25,'Johnson','Emma','Computer Science','244 Topacio','1993-10-09'),(26,'Wilson','Liam','Theology','642 Topacio','2018-01-16'),(27,'Pugh','Luna','Computer Science','753 LaSalle','2016-01-25'),(28,'Mitchell','Milena','Business','771 Chapell Hill','2007-01-24'),(29,'Young','Aurora','STEM','473 Mound St','2010-11-12'),(30,'Rivera','Amelia','Business','907 Topacio','2007-10-12'),(31,'Moore','Thiago','Theology','777 Chapell Hill','2015-01-03'),(32,'Hill','Charlotte','Arts','781 Salento','1994-01-03'),(33,'Scott','Isabella','Theology','89 Salento','2014-08-17'),(34,'Wilson','Emma','Theology','253 St monica','2015-06-07'),(35,'Pugh','Isabella','Engineering','543 Mound St','1992-01-06'),(36,'Sanchez','Lucas','PA','900 Magnificent Mile','1994-11-27'),(37,'Rosassco','William','STEM','888 Topacio','2016-02-01'),(38,'Johnson','Theodore','Business','155 Mound St','2018-09-22'),(39,'Hill','Nicolás','Arts','288 LaSalle','1999-01-26'),(40,'Allen','Santiago','Computer Science','317 Chapell Hill','1995-06-03'),(41,'Clark','Elijah','Business','746 Salento','2003-11-01'),(42,'Lewis','Mateo','Theology','901 Salento','2016-01-11'),(43,'Davis','Sebastián','Business','965 LaSalle','2012-08-24'),(44,'Hill','Amaia','PA','21 Salento','2009-01-05'),(45,'Miller','Lucas','STEM','303 LaSalle','1991-01-10'),(46,'Wright','Olivia','Theology','832 LaSalle','2003-03-23'),(47,'Williams','Sebastián','Arts','703 Magnificent Mile','1996-02-24'),(48,'Moore','William','Business','422 Mound St','2007-04-17'),(49,'Young','Milena','Business','936 Salento','1997-07-24'),(50,'Perez','Mía','Theology','632 Topacio','2017-06-10');
/*!40000 ALTER TABLE `teacher` ENABLE KEYS */;
UNLOCK TABLES;

--
-- Dumping routines for database 'projectschool'
--
/*!40103 SET TIME_ZONE=@OLD_TIME_ZONE */;

/*!40101 SET SQL_MODE=@OLD_SQL_MODE */;
/*!40014 SET FOREIGN_KEY_CHECKS=@OLD_FOREIGN_KEY_CHECKS */;
/*!40014 SET UNIQUE_CHECKS=@OLD_UNIQUE_CHECKS */;
/*!40101 SET CHARACTER_SET_CLIENT=@OLD_CHARACTER_SET_CLIENT */;
/*!40101 SET CHARACTER_SET_RESULTS=@OLD_CHARACTER_SET_RESULTS */;
/*!40101 SET COLLATION_CONNECTION=@OLD_COLLATION_CONNECTION */;
/*!40111 SET SQL_NOTES=@OLD_SQL_NOTES */;

-- Dump completed on 2023-11-17 13:26:16
